FEINumber,LegalName,AddressLine1,City,ProductType,PostedCitations
3002808384,Sun Pharma Canada Inc.,130 East Dr,Brampton,Drugs,No 
3014449454,"J & H Fulfillment, LLC.",955 N Weigel Ave Ste 100,Elmhurst,Drugs,No 
3005890568,Cerovene Inc.,612 Corporate Way Ste 10,Valley Cottage,Drugs,No 
3003173295,"Apollo Health And Beauty Care, Inc.",1 Apollo Pl,North York,Drugs,No 
3008889778,Active Creations LLC,31 Executive Ave,Edison,Drugs,No 
3014645733,MSN PHARMACEUTICALS INC.,20 Duke Rd,Piscataway,Drugs,No 
3003228091,"Pharma Medica Research, Inc.",6100 Belgrave Rd,Mississauga,Drugs,No 
3004771217,Cardinal Health 414 LLC,5795 Arville St Ste 100,Las Vegas,Drugs,No 
3002804236,"West Services and Solutions, LLC",530 Herman O West Dr,Exton,Drugs,No 
3020999966,argenx BV,33 Arch St Fl 32,Boston,Drugs,No 
3042347326,"Michael Rosario-Prieto, M.D.","Baycare Medical Group, 1201 5th Ave N Ste 202",Saint Petersburg,Drugs,No 
3006174712,Altasciences Company Inc. - Laval,575 Armand-Frappier Blvd,Laval,Drugs,No 
3024549670,"Marek Smilowski, MD","Wielospecjalistyczna Poradnia Lekarska Synapsis, Ul. Boleslawa Czerwinskiego 8",Katowice,Drugs,No 
3009071264,"Yabao Pharmaceutical Co., Ltd. Beijing","Bda 97, Kechuang Dong Sixth Street",Tongzhou,Drugs,No 
3008580332,"Eurofins Infinity Laboratory Group,Inc.",2200 W 97th Pl,Crown Point,Drugs,No 
3011761882,"Curexa - East, LLC dba Curexa",3007 Ocean Heights Ave,Egg Harbor Township,Drugs,No 
3042220169,"Danielle A. Shiller, D.O.",480 S Us Highway 45,Grayslake,Drugs,No 
3001812586,Parexel International (MA) Corporation,275 Grove St Ste 1e-310,Auburndale,Drugs,No 
3016446657,"Barbara Steinborn, M.D.","Uniwersytecki Szpital Kliniczny W. Poznaniu, Ul. Stanislawa Przybyszewskiego 49",Poznan,Drugs,No 
3029023357,"Aaron L. Ellenbogen, D.O.","Quest Research Institute, 28555 Orchard Lake Rd Ste 200",Farmington Hills,Drugs,No 
1000513211,Vertex Pharmaceuticals Incorporated,50 Northern Ave,Boston,Drugs,No 
1411365,AbbVie Inc.,1401 Sheridan Rd,North Chicago,Drugs,No 
1826582,W. R. Grace & Company,1421 Kalamazoo St,South Haven,Drugs,No 
1000021877,"Gaylord Chemical Company, LLC",1880 Fairlawn Rd,Tuscaloosa,Drugs,No 
1628196,Brio Pharmaceuticals Inc,10863 Rockley Rd,Houston,Drugs,Yes
3009690111,Hillyard GMP,226 Robidoux Street,Saint Joseph,Drugs,No 
3004347567,WHITMAN LABORATORIES LTD.,Bedford Road,Petersfield,Drugs,Yes
3042129518,"Kumaran Deiva, MD, PhD","Centre Hospitalier Universitaire De Bicetre, 78 Rue Du General Leclerc",Le Kremlin-Bicetre,Drugs,No 
3042120591,"Brien E. Pierpont, M.D.","Advance Medical Research, Inc., 2299 9th Ave N Ste 3d",Saint Petersburg,Drugs,Yes
3023464,Legacy Health IRB,1225 Ne 2nd Ave,Portland,Drugs,No 
3021581807,"David F. Jativa, M.D.","Prohealth Research Center, Inc., 8247 Nw 36th St Ste B",Doral,Drugs,No 
3012816120,"BioChroma Analytical Labs, LLC.",1309 Record Crossing Rd,Dallas,Drugs,No 
3016439754,"Misemer Pharmaceutical, Inc.",203 N Main St,Ripley,Drugs,Yes
1033964,GlaxoSmithKline LLC,1011 N Arendell Ave,Zebulon,Drugs,No 
1130591,"Aphena Pharma Solutions - Maryland, LLC",7978 Industrial Park Rd,Easton,Drugs,Yes
1000305894,"Particle Technology Group, LLC",555 Rogers St,Downers Grove,Drugs,No 
1811666,L. Perrigo Company,515 Eastern Ave,Allegan,Drugs,No 
3009784323,Cardinal Health 414 LLC,536 N St Francis St,Wichita,Drugs,No 
3005039924,"Air Products and Chemicals, Inc.",500 Freeport Rd,Creighton,Drugs,No 
3042070992,Gul Basaran,"Tophanelioglu Cadde Okul Sok. No:1 Uskudar 34662 Istanbul, Turkiye Acibadem Altunizade Hospital",Altunizade,Drugs,No 
3017581385,"Jeff M. Livingston, MD",2101 Westpark Ct Ste 250,Euless,Drugs,No 
3028672933,"BeOne Medicines USA, Inc.",311 Pennington Rocky Hill Rd Bldg 51,Pennington,Drugs,Yes
1026011,Airgas USA LLC,9857 Bachman Rd,Orlando,Drugs,No 
3008674916,The Methodist Hospital Research Institute,6670 Bertner Ave,Houston,Drugs,Yes
3012267393,"Monica M. Mita, MD, MSc, Clinical Investigator","Hoag Hospital, 1 Hoag Dr",Newport Beach,Drugs,No 
2182825,"Birchwood Laboratories, LLC",7900 Fuller Rd,Eden Prairie,Drugs,Yes
3004968566,Lawrence Berkeley National Laboratory IRB,1 Cyclotron Rd Bldg 50a Rm 4119,Berkeley,Drugs,No 
3016577628,Shakti Lifescience Private Limited,"Plot No. K2 & K-1 M.I.D.C. Tarapur, Boisar",Palghar District,Drugs,No 
3012318942,"AMPAC Fine Chemicals Texas, LLC",914 S. 16th Street,La Porte,Drugs,No 
3013999816,ASolution Pharmaceuticals Pvt. Ltd.,K - 3/8 Additional Ambernath Midc,Kalyan,Drugs,No 
3040362352,"Dr. Jinxi Chen, M.D.","Hopeshine-Minsheng Hospital Of Xinzheng Phase I Clinical Research Center, No. 126 Jiefang North Road",Xinzheng City,Drugs,No 
3042072276,Umut Demirci,"Memorial Ankara Hospital, Balgat Mah., Mevlana Blv. , 1422 Sok. No 4 Cankaya",Ankara,Drugs,No 
1525570,"Matheson Tri-Gas, Inc.",1720 Trade Rd,Holland,Drugs,No 
3006244497,Janssen Cilag Manufacturing LLC,"State Road 933 Km. 0.1, Mamey Ward",Gurabo,Drugs,Yes
3032948549,"Upsher-Smith Laboratories, LLC",6701 Evenstad Dr N Ste 300,Maple Grove,Drugs,No 
3041850677,Rosa A. Tang,7500 Beechnut St Ste 175,Houston,Drugs,No 
3040132187,"Magesh Rajagopal, MBBS","Aram Hospital, 21, 4th Cross Street, Ramalinga Nagar, South Extension, Vayalur Road",Tiruchirappalli,Drugs,No 
3027748323,Shanghai Xihua Scientific Co. Ltd.,"Building 7 2nd Floor, 249 Faladi Road",Shanghai,Drugs,No 
3013838970,Zhimin (NMI) Shao,"No. 4333 Kangxin High Way, Pudong New Area",Shanghai,Drugs,No 
3007112035,Cardinal Health 414 LLC,3016 Usf Hawthorn Drive,Tampa,Drugs,Yes
3001451441,"Lonza Biologics, Inc.",101 International Dr,Portsmouth,Drugs,No 
3009481791,"Miyoshi America, Inc",110 Louisa Viens Dr,Dayville,Drugs,No 
3041398061,Nicholas McAndrew M.D.,2336 Santa Monica Blvd Ste 304,Santa Monica,Drugs,No 
2518332,"Sharp Packaging Services, LLC",23 Carland Rd,Conshohocken,Drugs,No 
2523517,Matheson Tri-Gas Inc.,1 Nitrous Ln,Donora,Drugs,No 
3021247087,QPS Bioserve India Pvt. Limited,"Plot No. 47, 2nd Floor, Balanagar Ida, Balanagar Cross Roads, Medchal District",Hyderabad,Drugs,No 
3008590267,SpinoS Lifescience and Research Private Limited,"A Krishna Madhuravanam, Vellakinar Road; Door No 29",Coimbatore,Drugs,No 
3004520113,Sun Pharmaceutical Industries Ltd,"27 Fp No, Part Survey No 27, C.S. No. 1050, Tps No. 24, Village Tandalja",Vadodara,Drugs,Yes
3040363309,Jinhua Fan,"Henan (Zhengzhou) Zhonghui Cardiovascular Hospital Phase I Clinical Research Center, No. 158 Tongbainan Road; Zhongyuan District",Zhengzhou,Drugs,No 
3002808534,"Yuki Gosei Kogyo Co., Ltd.","Ochiai, Jobannishigo-Machi",Iwaki,Drugs,No 
3001174909,Anuh Pharma Limited,"E-17/3, 17/4 & E-18, M.I.D.C., Tarapur, Boisar",Palghar District,Drugs,No 
3018815311,"Axsome Therapeutics, Inc.",1 World Trade Ctr Fl 29,New York,Drugs,Yes
3039637179,"Kurakula Srinivas, M.B.B.S.","D - 2 D - Block, Unit 2; Auto Nagar Road; Actimus Biosciences Private Limited",Gajuwaka,Drugs,No 
3007497376,Supriya Lifescience Limited,"A 5/2 Dist, Lote Parshuram Industrial Area, M.I.D.C","Tal Khed, Dist Ratnagiri",Drugs,No 
1310298,"Curia New York, Inc.",33 Riverside Ave,Rensselaer,Drugs,No 
3008302705,"N-Molecular, Inc. dba SOFIE",25 Walker Way Ste D,Colonie,Drugs,No 
3006240053,Creative Foam Corporation dba Mt. Olive,3304 Hancel Cir,Mooresville,Drugs,Yes
1931182,"Nova-Tech, Inc.",4705 Gold Core Rd,Grand Island,Drugs,No 
3030599291,MEGHMANI LLP,"Unit-III, Plot No : D-2/CH-5, GIDC, Dahej-II, Tal-Vagra, Dist-Bharuch",Dahej,Drugs,Yes
3013585679,Unichem Laboratories Limited,Five Star Midc Plot No T - 47,Hupari,Drugs,No 
1811396,"Catalent Pharma Solutions, LLC",2725 Scherer Dr N,Saint Petersburg,Drugs,No 
1350043,"Air Products and Chemicals, Inc.",461 River Rd,Glenmont,Drugs,No 
1825161,Michigan State University IRB,4000 Collins Rd Ste 136,Lansing,Drugs,No 
3041249935,"Steven Feigenberg, M.D","University Of Pennsylvania, Perelman Center For Advanced Medicine, 3400 Civic Center Blvd 2 West;",Philadelphia,Drugs,No 
2619243,"Lilly del Caribe, Inc",12.6 Km 65th Infantry Road (Pr01),Carolina,Drugs,Yes
3020871436,Labcorp Development (Asia) Pte. Ltd,"1 International Business Park, #02-13 The Synergy",Singapore,Drugs,No 
3003581184,"QPS, LLC",3 Innovation Way Ste 100,Newark,Drugs,No 
3041850760,Steven Leibowitz,"Macro Trials, Inc., 653 N Town Center Dr Ste 102",Las Vegas,Drugs,No 
3017150186,FISHFA BIOGENICS,"2 2 47 2 50 1 2 50 2 Village - Rampara, Highway Road; Survey No 43",Rajkot,Drugs,No 
3041605797,"Matthew Brimberry, MD",5625 Eiger Rd Ste 200,Austin,Drugs,Yes
3014930305,Hibrow Healthcare Private Limited,"Survey 258, Thiruvandavar Village, Sirupinayur Panchayat, Uthiramerur Taluk",Kancheepuram District,Drugs,Yes
1122041,BioReliance Corporation,9820 Darnestown Road,Rockville,Drugs,Yes
1000513287,"Cambridge Isotope Laboratories, Inc.",50 Frontage Rd,Andover,Drugs,No 
1527292,Airgas Merchant Gas,2505 Shepler Church Ave Sw,Canton,Drugs,No 
3004268013,Air Products and Chemicals Inc,2500 Yankee Rd,Middletown,Drugs,No 
3042502578,Dr. Rennan Quijano,"Advanced Research Center, 1020 S Anaheim Blvd Ste 316",Anaheim,Drugs,No 
3021927419,Prof. Bernardo Leon Rapoport,129 Oxford Road,Johannesburg,Drugs,Yes
3010209784,"American Regent, Inc.",6610 New Albany Rd E,New Albany,Drugs,Yes
1000352706,Hit Promotional Products Inc.,3320 122nd Ave N,Saint Petersburg,Drugs,Yes
3010823774,"Cardinal Health 414, LLC",1214 Kinnear Rd,Columbus,Drugs,No 
3041249923,Kevin Ma,"Hospital Of The University Of Pennsylvania Pulmonary, Allergy & Critical Care Division, Maloney Bldg; 3400 Spruce St Fl 8",Philadelphia,Drugs,No 
3025468170,"Anesis Life, LLC",16033 Leone Dr,Macomb,Drugs,No 
1046518,Research Triangle Institute IRB,3040 Cornwallis Rd,Durham,Drugs,No 
3022231064,Inotiv,9601 Medical Center Dr,Rockville,Drugs,No 
3002408934,"Island Kinetics, Inc. d.b.a. CoValence Laboratories",460 S Benson Ln Ste 1-3,Chandler,Drugs,Yes
3016602971,"Vantage Specialty Ingredients, Inc.",16 Law Dr,Fairfield,Drugs,No 
2245277,Veranova LP,2003 Nolte Dr,West Deptford,Drugs,No 
3039458843,Dhwaniben Ranchhodbhai Makwana,"4th Floor, E 405-4 407-411 Galaxy Road, Near Galaxy Cinema",Ahmedabad,Drugs,No 
3010291530,Wockhardt Bio Ag,Baarerstrasse 43,Zug,Drugs,No 
3027553696,"Henan Enokon Medical Instrument Co., Ltd.","No. 2 Weiba Road, New Industry, Huojia City, Kangcun",Xinxiang,Drugs,No 
3010228235,Torrent Pharmaceuticals Limited,"Plot No. Z/104 To 106, Dahej Part - Ii, Dahej Sez Part-Ii, Taluka, Vagra",Bharuch,Drugs,No 
3007494492,Croda Iberica SA,"Carr. C-35, Km. 72, Mevisa Site, Hostalric A Blanes",Fogars De La Selva,Drugs,No 
3022537254,"Jose G. Cevallos Yepez, M.D.",6803 Lake Worth Rd Ste 300,Greenacres,Drugs,No 
3010131930,Creative Werks LLC,1460 Brummel Ave,Elk Grove Village,Drugs,Yes
1526259,Akron General Medical Center Institutional Research Review Board,1 Akron General Ave,Akron,Drugs,No 
3007058211,Excel Vision,"Zone Industrielle, 27 Rue De La Lombardiere",Annonay,Drugs,Yes
3022159116,"Eduardo Patricio Yanez Ruiz, MD",Hochstetter 298,Temuco,Drugs,Yes
3041952547,"Sander Fernandez, M.D.","Life Medical Research Group Corp., 4715 Nw 157th St Ste 210",Miami Lakes,Drugs,No 
1000120219,LPNA Group Inc. DBA Lornamead Products,175 Cooper Ave,Tonawanda,Drugs,Yes
3017666994,"Sagar Sardesai, M.D.","Ohio State Comprehensive Cancer Center, James Cancer Hospital, 241 W 11th Ave Ste 4055",Columbus,Drugs,No 
3008525965,"P.E.T.NET HOUSTON, LLC",1028 Dreyfus St,Houston,Drugs,Yes
1000121235,"Charles River Laboratories, Inc.",358 Technology Dr,Malvern,Drugs,No 
3021335565,"Soo Aleman, MD","Karolinska Universitetssjukhuset, Huddinge 153infektionssjukdomar",Stockholm,Drugs,No 
3041257226,Pencho Genov,"Ulitsa Tsirkovna Nezavisimost 002, 002",Ruse,Drugs,Yes
3035364814,LNHC Inc,4020 Stirrup Creek Dr Ste 110,Durham,Drugs,No 
3003495738,Hood Container Corporation,300 Forum Pkwy,Rural Hall,Drugs,Yes
3042031556,"Adeyemi Gbohunmi, MD, PhD",1301 E Debbie Ln Ste 102-8,Mansfield,Drugs,No 
3041605746,Sairah Ahmed M.D.,7007 Bertner Ave,Houston,Drugs,No 
3042028957,Kathleen Harris,707 Hollybrook Dr Ste 501,Longview,Drugs,No 
3042128519,"Soe Soe Mar, MD","Washington University, Pediatric Ms And Other Demyelinating Disease Center, 660 S Euclid Ave",Saint Louis,Drugs,No 
3041606849,"Alex Francisco Herrera, M.D.",1500 Duarte Rd,Duarte,Drugs,No 
2245306,Guardian Drug Co. Inc.,2 Charles Ct,Dayton,Drugs,No 
3041272861,"William C. Nabours, M.D.",751 Bayou Pines East Dr Ste L,Lake Charles,Drugs,Yes
1000523075,"Gilead Sciences, Inc.",303 Velocity Way,Foster City,Drugs,No 
3007219818,"Custom Converting, Inc.",2625 Temple Heights Dr Ste C,Oceanside,Drugs,Yes
3006387788,"Rubi Khaw Li, MD","East Rodriguez St. Blvd. 279, 512 St. Lukes Street; Medical Center",Quezon City,Drugs,No 
3025263427,Fujian Genohope Biotech Ltd,"Hushi Town, No. 288 Binglun Village; Hushizhen Xiuyu District",Futian,Drugs,No 
3005372036,"PTI Georgia, LLC",545 Old Elbert Rd,Royston,Drugs,Yes
1318709,Bionique Testing Laboratories LLC,156 Fay Brook Dr,Saranac Lake,Drugs,No 
3009754344,Sofie Co.,2300 N Edward St Ste 100,Decatur,Drugs,Yes
1611064,Goodier Cosmetics LLC,9019 Premier Row,Dallas,Drugs,Yes
1627051,Texas Tech University Health Science Center IRB,3601 4th St Stop 8146,Lubbock,Drugs,No 
3000215659,Ionis Pharmaceuticals Inc.,2282 Faraday Ave,Carlsbad,Drugs,No 
3006442227,Accelerated Analytical Laboratories Inc.,9075 W Heather Ave,Milwaukee,Drugs,Yes
3003596471,Kessler Foundation IRB,1199 Pleasant Valley Way,West Orange,Drugs,Yes
3023594691,"FairyGene, Inc.",2 Pearl Buck Ct,Bristol,Drugs,Yes
3008031588,"Jose F. Cardona, M.D.","Indago Research And Health Centers, Inc., 3700 W 12th Ave Ste 300",Hialeah,Drugs,No 
3007708592,"Michelle D. Welch, M.D.",4118 Pond Hill Rd Bldg 3,Shavano Park,Drugs,No 
3017062031,"Mark A. Hernandez, M.D.",3100 Nw 72nd Ave Ste 125,Miami,Drugs,No 
3030055081,"Otto Metzger, MD","Dana-Farber Cancer Institute, 450 Brookline Ave",Boston,Drugs,No 
1000198729,AstraZeneca Pharmaceuticals LP,1 Medimmune Way,Gaithersburg,Drugs,No 
3020233232,Finecure Pharmaceuticals Limited,"Unit I, Plot No Pf - 5 - 6 Sanand Industrial Estate-Ll, Gdic, Village Charal, Tuluk, Sanand",Ahmedabad,Drugs,No 
3021337805,"Hans Heinrich Wedemeyer, MD",Carl-Neuberg Str. 1,Hanover,Drugs,No 
3012259838,"Skytronics Led, Inc",100 E Verdugo Ave,Burbank,Drugs,Yes
3014492051,QOL Medical LLC,11236 47th St N,Clearwater,Drugs,No 
3008912060,"PETNET Solutions, Inc.",14 Walker Way Ste 3,Albany,Drugs,Yes
3041605743,"Jonathan W. Friedberg, M.D.",601 Elmwood Ave # 704,Rochester,Drugs,No 
3003574860,"Solesence, Inc.",1319 Marquette Dr,Romeoville,Drugs,No 
3024382941,"Todd Bertoch, M.D.","Jbr Clinical Research, 650 E 4500 S Ste 100",Salt Lake City,Drugs,No 
1819470,Eli Lilly & Company,839 S Delaware,Indianapolis,Drugs,No 
2246963,"Ingenus Pharmaceuticals NJ, LLC.",140 New Dutch Ln,Fairfield,Drugs,No 
3042030835,Juan Garza,12103 Huebner Rd,San Antonio,Drugs,No 
3042029869,"John R. Vanderzyl, M.D.",16902 Southwest Fwy Ste 204,Sugar Land,Drugs,No 
3004834828,"Bram D. Wieskopf, M.D.",1196 Buckhead Xing Ste D,Woodstock,Drugs,No 
3027657673,"Boris Mladenov, MD",Bulevard Gen Totleben 21,Sofiya,Drugs,No 
3039281287,"Peter C. Boldingh, Pharm.D","Axis Clinicals, Llc., 1711 Center Ave W",Dilworth,Drugs,No 
3040362674,Maria Luisa Tiambeng,"10 Wilson St, Greenhills West",San Juan City,Drugs,No 
3040799156,Lisa Connery,1016 24th Ave Nw Ste 100,Norman,Drugs,Yes
3030400736,"SpringWorks Therapeutics, Inc.",9 Laboratory Dr Ste 200,Durham,Drugs,No 
3041047086,Katharina Willuweit,Hufeland Str. 55,Essen,Drugs,No 
3023880847,"Tatiana L. Hernandez, M.D.","Bayside Clinical Research, Llc And Trinity Family Healthcare Center, 2155 Little Rd",Trinity,Drugs,No 
1527761,Smithfield Bioscience Inc,12150 Best Pl,Cincinnati,Drugs,No 
3041125487,"Rogelio Machuca, MD","The Machuca Foundation, Inc.The Machuca Foundation, Inc., 546 N Eastern Ave Ste 140",Las Vegas,Drugs,Yes
3005625741,"Janet K. Gersten, M.D.","New Age Medical Research Corporation, 11755 Sw 90th St Ste 205",Miami,Drugs,No 
3001744192,Blaine Labs Inc,11037 Lockport Pl,Santa Fe Springs,Drugs,Yes
3002600322,Laboratorios Jaloma S.A. de C.V.,"Calle Aquiles Serdan No. 438, Col. Oblatos, Guadalajara",Guadalajara,Drugs,Yes
3005238185,"Daniel J. DeAngelo, MD",450 Brookline Ave,Boston,Drugs,No 
3017156960,RNA Corporation,13750 Chatham St,Blue Island,Drugs,Yes
3041141479,Ursa Brown-Glaberman,1201 Camino De Salud Ne,Albuquerque,Drugs,Yes
3030821517,"Naval Daver, M.D.","The University Of Texas Md Anderson Cancer Center, 1515 Holcombe Blvd Unit 428",Houston,Drugs,No 
3008298016,Sciegen Pharmaceuticals Inc,89 Arkay Dr,Hauppauge,Drugs,No 
1000522074,Micron Inc,3815 Lancaster Pike,Wilmington,Drugs,Yes
3039458872,"Dr. Kishan Rasubhai Ninama, MBBS, MD","Neo Skin Clinic Pvt. Ltd., 1st Floor, Room No. 102, Sai Ganesh Complex, Near Zaver Nagar Society, Waghodia Road",Vadodara,Drugs,No 
3010419177,Optimus Drugs Private Limited,"Survey No 239 And 240, Dothigudem Village, Pochampally Mandal, Yadadri",Bhongiri,Drugs,No 
3040664566,"Magdalena Woroszyl, MD",Ul. Domaniewska 49,Warsaw,Drugs,No 
3041048854,Juan Martin Loureyro,"Instituto Caici Srl, Calle Mendoza 2612",Rosario,Drugs,No 
3014289163,Metrochem API Private Limited,"Jawaharlal Nehru Pharma City, 40b & 60b Plot No 34b; Parawada (M)",Thanam,Drugs,No 
3041257710,"Lixin Zhang, M.D.","Dent Neurosciences Research Center, 3980 Sheridan Dr Ste 200",Amherst,Drugs,Yes
3030495702,Granules Life Sciences Private Limited,"Survey No. No. 325, 326, 333 To 336, 340 To 346 Lalgadimalakpet",Malkajgiri,Drugs,No 
3014423813,"John B. Buse, M.D., Ph.D.",800 Eastowne Dr Ste 201,Chapel Hill,Drugs,No 
3002422294,Identipak Inc,300 E Beech Ave,Mcallen,Drugs,Yes
3041500770,"Ramon Hechavarria, M.D.",14505 Commerce Way Ste 535,Miami Lakes,Drugs,No 
3040334352,Marina Bussel,"Proscience Research Group, 6133 Bristol Pkwy Ste 305",Culver City,Drugs,No 
3009340644,"Shire Human Genetic Therapies, Inc.","200, 300, 400 Shire Way",Lexington,Drugs,No 
3014541740,"Hebei Meishen Technology Co., Ltd.","0018 West Side Of Chuangye Road, Guangzong County",Xingtai,Drugs,No 
3041249893,"Moraima Trujillo, M.D.",15600 Sw 288th St Ste 108,Homestead,Drugs,Yes
1350044,"Norwich Pharmaceuticals, Inc.",6826 State Highway 12,Norwich,Drugs,No 
3007066137,"Sentry Biopharma Services, Inc.",4605 Decatur Blvd,Indianapolis,Drugs,No 
2410662,Wyeth Pharmaceutical Division of Wyeth Holdings LLC,401 N Middletown Rd,Pearl River,Drugs,Yes
3005444934,SigmaPharm Laboratories LLC,3375 Progress Dr,Bensalem,Drugs,Yes
3011219786,Macau-Union Pharmaceutical Limited,"Rua Cinco Do Bairro Da Areia Preta S/N, Edf. Industrial Veng Fong 3-3a",Macao,Drugs,No 
3011895410,APL HEALTHCARE LIMITED,"16a Plot No 16, Unit - Iv; Menakuru Village; M P Sez",Naidupeta,Drugs,Yes
3005564767,Pfizer Inc,10501 80th Ave,Pleasant Prairie,Drugs,No 
3005407074,Schmid & Son Packaging Inc,7699 95th St S,Cottage Grove,Drugs,Yes
3039317309,"Dr. Rachna Arora, Ph.D.","Sun Pharmaceutical Industries, Ltd., Clinical Pharmacology Unit, Hakeem Abdul Hameed Centenary Hospital 2nd Floor, Jamia Hamdard A.K.A. Hamdard Uni",New Delhi,Drugs,No 
3017214739,"Precision for Medicine, LLC",230 Main St,Gladstone,Drugs,No 
3020182191,"Lawrence J. Green, M.D.",9601 Blackwell Rd Ste 260,Rockville,Drugs,No 
3003395329,"Azurity Pharmaceuticals, Inc.",8 Cabot Rd,Woburn,Drugs,No 
3041227444,IROC Ohio,5735 Westbourne Ave,Columbus,Drugs,No 
3003062780,Allina Health [Allina IRB #1],2925 Chicago Ave,Minneapolis,Drugs,No 
3042120103,"Mylan, Inc. A Viatris Company",1000 Mylan Blvd,Canonsburg,Drugs,Yes
3041048909,"Richard S. Mohammed, M.D.","Progressive Medical Research, 5111 S Ridgewood Ave Ste 301",Port Orange,Drugs,No 
3009054150,Novum Pharmaceutical Research Services Inc.,460 Comstock Rd,Scarborough,Drugs,No 
3040069146,Dr. Vanda Salutari,"Fondazione Policlinico Universitario A. Gemelli Irccs, Largo Agostino Gemelli 8",Rome,Drugs,No 
3012319409,"Jean Bergeron, MD, MSc, FRCPC","Clinique Des Maladies Lipidiques De Quebec, 2600 Boulevard Laurier Bureau 880",Quebec,Drugs,Yes
3025116434,"Yanhua Ding, MD","The First Hospital Of Jilin University, Phase I Clinical Research Center, No. 71 Xinmin Street",Changchun,Drugs,No 
3002807210,Hovione PharmaScience Limited,Estrada Coronel Nicolau De Mesquita,Taipa,Drugs,No 
3039694944,Hirotaka Nagashima,"2 Chome 9-10, Nihonbashi",Chuo,Drugs,Yes
3009118300,Melody Healthcare Private Ltd,"Midc Plot No J - 73, Tarapur Industrial Area; Tarapur",Palghar,Drugs,No 
3004051616,Apitoria Pharma Private Limited,"73 - 91 95 96 260 261 Plot No 68 - 70, Unit - V; I D A",Pashamylaram,Drugs,No 
3039281807,"Dr. Dobrin Svinarov, M.D., Ph.D.","Mc Comac Medical, Ul. ""Urvich"" 13, 3rd Floor",Sofia,Drugs,No 
3008654585,SMS Pharmaceutical Limited - Unit VII,"Unit Vii No. 160 161 Kandivalasa Village, Pusapatirega (M), Vizianagaram",Andhra Pradesh,Drugs,No 
3012575874,Aktinos Pharma Private Limited - Unit II,"Jawaharlal Nehru Pharma City, 20 Plot No 80 - D; Parawada Lankalapalem Askapalli Road; Road No",Pinamadaka,Drugs,No 
3040539273,Piotr Lacwik,"Wojewodzki Szpital Specjalistyczny Im., Sw. Rafala W Czerwonej Gorze,  Gorze Oddzial Iv Alergologiczny",Czerwona Gora,Drugs,No 
1000514656,"Medline Industries, LP",1160 S Northpoint Blvd,Waukegan,Drugs,No 
1640975,Cook Childrens Health Care System IRB,1500 W Rosedale St,Fort Worth,Drugs,No 
3007844012,"PETNET Solutions, Inc.",1350 Manufacturing St Ste 105,Dallas,Drugs,No 
1000510763,"Eurofins EAG Materials Science, LLC",2672 Metro Blvd,Maryland Heights,Drugs,No 
3001236549,"Life Science Outsourcing, Inc.",830 Challenger St,Brea,Drugs,Yes
2313361,Exxonmobil Product Solutions Company,4999 Scenic Hwy,Baton Rouge,Drugs,No 
3040540406,"Jean-Emmanuel Kahn, MD","Hopital Foch Hopital Foch, Service De Medecine Interne, 40 Rue Worth",Suresnes,Drugs,No 
3006387759,"Darryl P. Toth, MD","Xlr8 Research, 6160 Tecumseh Rd E Suite 201",Windsor,Drugs,No 
3004248487,"Yantai Dongcheng Biochemicals Co., Ltd.","No. 7 Changbaishan Road, Development Zone",Yantai,Drugs,No 
3006419237,Piramal Pharma Solutions Inc.,1500 Bull Lea Rd Ste 250,Lexington,Drugs,Yes
1000521995,Regeneron Pharmaceuticals Inc,777 Old Saw Mill River Rd,Tarrytown,Drugs,No 
3015544746,"Medtronic, Inc.",7000 Central Ave Ne,Minneapolis,Drugs,Yes
3030304532,Wizcure Pharmaa Private Limited,H - 881,Bhiwadi,Drugs,No 
3001812586,Parexel International (MA) Corporation,275 Grove St Ste 1e-310,Auburndale,Drugs,No 
3012593913,Novo Nordisk US Bio Production Inc.,9 Technology Dr,West Lebanon,Drugs,No 
2211084,"Halo Pharmaceutical, Inc. d/b/a Cambrex Whippany",30 N Jefferson Rd,Whippany,Drugs,No 
3014766746,"Prof. Nicoletta Colombo, M.D.",Via Giuseppe Ripamonti 435,Milan,Drugs,No 
3000215686,Ecolab LLC,8300 Capital Dr,Greensboro,Drugs,Yes
3002981536,"J.M. Huber Micropowders, Inc",3150 Gardner Expy,Quincy,Drugs,No 
1000518646,L. Perrigo Company,13295 Reflections Dr,Holland,Drugs,No 
2522917,"Air Products and Chemicals, Inc.",3250 Hempland Rd,Lancaster,Drugs,No 
3011442307,"Hill Top Research Ltd, dba. Cliantha Research Ltd",2020 Ellesmere Rd Unit 14-16,Scarborough,Drugs,No 
3026377169,"Hybio Pharmaceutical Co., Ltd.","Hybio Innovation Industry Bldg., No. 7 Guansheng 4th Road; Longhua",Shenzhen,Drugs,No 
3022302509,"Qingdao Haohai Guangjie Testing and Technical Consulting Co., Ltd.","Building 10, 266 Jiushui East Road; Li Cang District",Qingdao,Drugs,No 
3024002685,"Shandong Jincheng Kunlun Pharmaceutical Co., Ltd.","No. 286 Shengdi Road, Kunlunzhen Zichuan",Zibo,Drugs,No 
3006057101,Ipca Laboratories Limited,"2 Plot No E - 41, And E - 128; E - 129 Midc Tarapur Boisar",Palghar,Drugs,No 
3040666358,"Daniela I. Bichovska, M.D., PhD","Medical Centre Synexus Sofia Eood, Bulevard Akad.Andrey Saharov 20a",Sofiya,Drugs,No 
3009025637,"Albert Oriol Rocafiguera, MD","Crta De Can Ruti, Cami De Les Escoles S/N",Badalona,Drugs,No 
3030017815,NORTHEAST BIOLAB,35 Worth Ave,Hamden,Drugs,No 
3040069159,"Emilie Kaczmarek, MD","Centre Oscar Lambret Department, De Cancerologie Gynecologique, 3 Rue Frederic Combemale; Lille",Lille,Drugs,No 
3039149070,"Xichun Hu, M.D., Ph.D.","Fudan University, Department Of Medical Oncology, Shanghai Cancer Center, Number 270 Dongan Road",Shanghai,Drugs,No 
3040937009,"Stephen D. Grubb, M.D.",3600 Sea Mountain Hwy Ste C,Little River,Drugs,No 
3009856083,"PETNET Solutions, Inc.",2921 Stockton Blvd Ste 1700,Sacramento,Drugs,Yes
1000160560,St Mary's Medical Park Pharmacy,10860 N Mavinee Dr,Oro Valley,Drugs,Yes
3005216842,Alchymars ICM SM Private Limited,A - 14 & 20 Sidco Pharmaceutical Complex,Alathur,Drugs,No 
3024359799,Granules Consumer Health Inc.,7413 Cushing Rd Ste 145,Manassas,Drugs,No 
2919114,Kingdomway Health Sciences LLC,1145 W Gila Bend Hwy,Casa Grande,Drugs,Yes
1000219637,"Sterigenics US, LLC",10811 Withers Cove Park Dr Ste D,Charlotte,Drugs,No 
1051594,Cordica Medical Inc,5949 Commerce Blvd,Morristown,Drugs,No 
1119991,"Airgas USA, LLC",13501 Allied Rd,Chester,Drugs,No 
1941037,"Curia Missouri, Inc.",2460 W Bennett St,Springfield,Drugs,No 
3024840452,"Skya Health, LLC",1141 Pomona Rd Ste E,Corona,Drugs,No 
3003227156,Matrix Pharmacorp Private Limited,"99 Plot No 14, Unit 7; And 100; Sangareddy District",Hyderabad,Drugs,No 
3007026935,Eskay Speciality Chemicals,"Plot No 207b & 208, 4 Surat Special Economic Zone; Road No. 4",Surat,Drugs,No 
3005658262,Analytical Solutions,"B-22 Midc, Ttc Industrial Area, Chinchavali",Navi Mumbai,Drugs,Yes
3002807809,"Takeda GmbH, Plant Oranienburg",Lehnitzstr. 70-98,Oranienburg,Drugs,No 
3004444888,Almac Pharma Services Limited,22 Seagoe Industrial Area,Craigavon,Drugs,Yes
3039897835,Andrew Spencer,"Alfred Hospital, 55 Commercial Road",Melbourne,Drugs,No 
3008386908,Gland Chemicals Private Limited,"& B - 11 Plot No B - 3, Sipcot Industrial Park; & B - 6 To B - 18",Chennai,Drugs,No 
3040665083,"Diana P Castro, MD",1651 Justin Rd,Flower Mound,Drugs,Yes
2317190,Rockline Industries,1300 Rockline Way,Springdale,Drugs,No 
3027015123,"Elyse S. Rafal, M.D.","2500 Route 347, Building 22a",Stony Brook,Drugs,Yes
3041141098,"Sweha P. Patel, M.D.",3898 Nw 7th St,Miami,Drugs,No 
1121206,Georgetown University IRB,"SW 104 Medical Dental Bldg, 3900 Reservoir Rd NW",Washington,Drugs,No 
3014258951,Premier Brands of America Inc,351 Fairview Ave Ste 900,Hudson,Drugs,Yes
3001451695,Spartan Chemical Co Inc,1110 Spartan Dr,Maumee,Drugs,Yes
3004549631,"Eagle Analytical Services, Inc.",11111 S Wilcrest Dr Ste 1000,Houston,Drugs,Yes
2013383,"Merle Norman Cosmetics, Inc.",9130 Bellanca Ave,Los Angeles,Drugs,Yes
2021236,"B. Braun US Pharmaceutical Manufacturing, LLC",2525 Mcgaw Ave,Irvine,Drugs,Yes
3011690850,Agnitio Inc,N800 County Road Cb,Appleton,Drugs,No 
3015265848,Invahealth Inc.,1212 Cranbury South River Road,Cranbury,Drugs,Yes
3003563645,Ardena U.S. LLC,14 Schoolhouse Rd,Somerset,Drugs,No 
3004161147,"Sharp Packaging Services, LLC",7451 Keebler Way,Allentown,Drugs,No 
3004712471,Tris Pharma Inc.,2033 US Highway 130,Monmouth Junction,Drugs,Yes
3039842677,"David S. Krakow, M.D.","Bioscience Research, 359 E Main St Ste 3i",Mount Kisco,Drugs,Yes
3039278681,"Anil Kumar, M.R., M.D.","No. 4, 80 Ft. Road, 7th Block, Nagarbhavi 2nd Stage",Bengaluru,Drugs,No 
3040361613,Xuchen Cao,"Tianjin Medical University Cancer Institute & Hospital, Huanhu West Road; Hexi District",Tianjin,Drugs,No 
3002806840,"Sekisui Medical Co., Ltd.","Dai 4 Chiwari 115, Matsuo",Hachimantai,Drugs,No 
3039147426,"Marina Elena Cazzaniga, MD","Fondazione Irccs San Gerardo Dei Tintori, Phase 1 Research Center, 10th Fl, Section C, Via Giovanni Battista Pergolesi 33",Monza,Drugs,No 
3004055563,"Sato Pharmaceutical Co., Ltd.","1468, Hazama-Machi",Hachioji,Drugs,Yes
3009870595,NATCO Pharma Limited Chemical Division Chennai,74/7b Vaikkadu Tpp Salai,Chennai,Drugs,No 
3003076465,Nissan Chemical Corporation,"6903-1, Oazaonoda",Sanyo-Onoda,Drugs,No 
3006259537,"HEC Pharm Co., Ltd.",62 Binjiang Road,Yidu,Drugs,No 
3030560746,KRS PHARMACEUTICALS PRIVATE LIMITED,"[Unit-Ii] Plot No. 26, Jawaharlal Nehru Pharma City, Sy. No. 2 & 5, Thanam Village, Parawada Mandal",Anakapalli,Drugs,No 
3009928224,Unipharm Inc.,75 Progress Ln,Waterbury,Drugs,Yes
3009961173,Pharmathen International S.A.,"Industrial Park, Sapes Rodopi Prefecture, Block No 5",Rodopi,Drugs,No 
3013723309,"Hunan Xiangyikang Pharmaceutical Co., Ltd.",Datonghu District,Yiyang,Drugs,No 
1020294,J. Strickland and Co,10420 Desoto Rd,Olive Branch,Drugs,Yes
3010062344,WES Pharma Inc.,1221 Tech Ct,Westminster,Drugs,Yes
1000120311,"Medisca, Inc.",661 State Route 3 Unit C,Plattsburgh,Drugs,No 
3039281824,"Ashley L. Devonshire, M.D., MPH",3333 Burnet Ave,Cincinnati,Drugs,Yes
3004637225,"Wisconsin Medical Radiopharmacy, LLC.",11236 W Lapham St,West Allis,Drugs,No 
1000114192,NCH - Healthcare System IRB #1,350 7th St N,Naples,Drugs,No 
3039803621,Christopher Rigas Hancock,74785 Ca-111 Ste 101,Indian Wells,Drugs,No 
3002718545,"Vintage Chemical, Inc.",2007 Bremer Rd,Fort Wayne,Drugs,Yes
3040069150,"Alexander Babatunde Olawaiye, M.D","Upmc Magee Womens Hospital, 300 Halket St",Pittsburgh,Drugs,No 
3039643067,"Emmanuel S. Ferrer II, M.D.","Prism Research, Llc, Dba Nucleus Network, Ltd., 1000 Westgate Dr Ste 149",Saint Paul,Drugs,No 
3008897678,"Chartwell Pharmaceuticals Congers, LLC",77 Brenner Dr,Congers,Drugs,Yes
3003194604,"Actavis Laboratories FL, Inc. dba Teva Pharmaceuticals",4955 Orange Dr,Davie,Drugs,Yes
3018694293,Mart Specialities Lab LLP,"Plot No: 31 Aleap Industrial Area, Ground &1st Floor, Road No.3, Gajularamaram",Medchal Malkajgiri,Drugs,Yes
3026500437,"Dr. K. Sudhakar, M.B.B.S.","Quthbullapur Mandal, Survey No 172 - 173; Apparel Park Road",Hyderabad,Drugs,No 
3011749459,"Shun Lu, MD, PhD","No. 241 Huaihai West Rd, Shanghai Chest Hospital Xuhui District",Shanghai,Drugs,No 
3039046185,"Benjamin C. Creelan, M.D.",12902 Usf Magnolia Dr,Tampa,Drugs,No 
3027513134,"Disc Medicine, Inc.",321 Arsenal St Ste 101,Watertown,Drugs,No 
1710165,"Corden Pharma Colorado, Inc.",2075 55th St,Boulder,Drugs,No 
1000121454,"Marlex Pharmaceuticals, Inc.",65 Lukens Dr,New Castle,Drugs,Yes
3008243902,Aizant Drug Research Solutions Private Ltd.,"172 - 173 Survey No, Apparel Park Road; Medchal-Malkhajgiri District",Hyderabad,Drugs,No 
3002806334,"Ajinomoto Co., Inc.","1730, Oazahinaga",Yokkaichi,Drugs,No 
3033709065,RK Pharma Inc.,148 Princeton Hightstown Rd Ste 400,East Windsor,Drugs,No 
3038950913,"Bogdan Batko, M.D.",Ul. Pradnicka 12/502,Cracow,Drugs,No 
3039802875,Pawel Brzewski,Ul. Zbozowa 2/25,Cracow,Drugs,No 
3001722961,"Nippon Fine Chemical Co., Ltd.","5 Chome 1-1, Umei",Takasago,Drugs,No 
3002806404,"Asahi Kasei Finechem Co., Ltd.","6 Chome 2633-7, Asahi-Machi",Nobeoka,Drugs,No 
3039149048,"Michelino De Laurentiis, MD, PhD","Int Fondazione G Pascale - Degenze Building - 6th Fl- Department Of Senology, Via Mariano Semmola",Naples,Drugs,No 
3003131136,"Divi's Laboratories Limited, Unit-1",Choutuppal Mandal,Nalgonda,Drugs,No 
3010749695,Menasha Packaging Company LLC,9 Gateway Commerce Center Dr E,Edwardsville,Drugs,No 
3005336882,Dr. Reddy's Laboratories Limited,"Cto-Sez Process Unit-01 Sector No'S. 28 To 34, 36 To 37, 40, 50 To 53 & 03, Survey No'S. 57 To 58, 60, 72 To 73, 76 To 77 & 80, Devunipalavalasa Village","Ransthalam Mandal, Srikakulam District",Drugs,No 
3007268407,"Hubei Biocause Heilen Pharmaceutical Co., Ltd.",122 Yangwan Road,Jingmen,Drugs,No 
3009883410,EUGIA Pharma Specialities Limited,"Unit - 2, A - 1128 & B - 1127 Bhiwadi",Riico Industrial Area,Drugs,No 
3013630102,Centaur Pharmaceuticals Private Limited,"Phase Ii Plot 60, Tuem Industrial Estate",Pernem,Drugs,No 
2010441,Kindeva Drug Delivery L.P.,19901 Nordhoff St,Northridge,Drugs,Yes
3005010990,Quality Packaging Specialists International LLC,355 Independence Ave,Mechanicsburg,Drugs,No 
3015430059,"Betta Pharmaceuticals Co., Ltd.","Linping Economic, No. 24 Wuzhou Road; Yuhang District",Hangzhou,Drugs,No 
3017021001,IDO PHARM,"41 Beonyeongro15beon-Gil, Danwon District",Ansan,Drugs,No 
3026458384,Yashvant G. Khaire,219 And Pap - A - 218,Navi Mumbai,Drugs,No 
3040500587,Albert Wiegman,"Meibergdreef 9, Amsterdam Universitair Medisch Centrum",Amsterdam,Drugs,No 
3038672247,"Sudheer N., M.D.","Department Of Dermatology, Venereology, And Leprosy, 1st Floor, Golden Jubilee Block, Afzal Gunj, Osmania General Hospital",Hyderabad,Drugs,No 
3016969494,"Jason A. Ohayon, MD","Hamilton Allergy, 1685 Main St W Unit #201",Hamilton,Drugs,No 
3012663162,FORDOZ PHARMA CO.,69 Princeton Hightstown Rd,East Windsor,Drugs,Yes
3002806542,Takeda GmbH,Robert-Bosch-Str. 8,Singen (Hohentwiel),Drugs,No 
3021389808,Teyro Labs Private Limited,"Plot No A - 9, 1 Sipcot Industrial Growth Centre; Oragadam",Kanchivakkam,Drugs,No 
3002807025,"Fukuzyu Pharmaceutical Co., Ltd.","48, Hagihara",Toyama,Drugs,No 
3003773799,"Kyongbo Pharmaceutical Co., Ltd.",174 Sirok-Ro,Asan,Drugs,No 
3022354286,"Shanghai Aucyun Pharmaceuticals Co., Ltd","Huahai Lou #25, No. 356 Zhengbo Road; Fengxinzhen Fengxian District",Shanghai,Drugs,No 
3038143190,"Gideon Hirschfield, M.D.","Toronto General Hospital, Univeristy Health Network, 200 Elizabeth St Room 226",Toronto,Drugs,No 
3004570125,MedPharm Manufacturing Services LLC,4018 Stirrup Creek Dr,Durham,Drugs,No 
3004112734,Children's Healthcare of Atlanta IRB,"1575 Northeast Expressway Ne, Support Ii, 3rd Floor",Atlanta,Drugs,No 
3039860725,"Andrew M. Schneider, MD",7431 N University Dr Ste 108,Tamarac,Drugs,Yes
3040979325,"Amy K. Dickey, M.D., M.Sc.",55 Fruit St,Boston,Drugs,No 
3011493299,Gojo Industries,1147 Akron Rd,Wooster,Drugs,Yes
3039542429,"Timothy A. Yap, MD, PhD","The University Of Texas, Md Anderson Cancer Center, 7007 Bertner Ave",Houston,Drugs,No 
3014868051,"Francisco Velazquez, M.D.",10700 Stancliff Rd,Houston,Drugs,No 
3040625285,"Matthew Wilner, M.D.",8230 Walnut Hill Ln Fl 7 Ste 714,Dallas,Drugs,No 
3006304426,Polaris Pharmaceuticals Inc,9990 Mesa Rim Rd Ste 110,San Diego,Drugs,No 
2027189,"Alliance Medical Products, Inc.",9342 Jeronimo Rd,Irvine,Drugs,Yes
3006587427,Vimta Labs Limited,"Facility Plot No. 5 Mn Park, Genome Valley, Shameerpet, Medchal-Malkajgiri",Hyderabad,Drugs,No 
3002806679,CKD Bio Corporation,292 Sinwon-Ro; Danwon,Ansan,Drugs,No 
3009561087,Innova Pharmactive Private Limited,Ns 13 - 16 Co-Operative Society Limited,Nagpur,Drugs,No 
3007378821,"Sumika Chemical Analysis Service, Ltd.","2200, Oazatsurusaki",Oita,Drugs,No 
3002808079,Aspen Notre Dame de Bondeville,1 Rue De L Abbaye,Notre-Dame-De-Bondeville,Drugs,No 
3011028653,"Environmental Technical Laboratory, Ltd.","2 Chome 11-17, Kohoku",Adachi,Drugs,No 
3040335615,"Charmaine I. Semeniuk, M.D.",7922 Palm St Lowr Level,Lemon Grove,Drugs,No 
3039017961,"Prof. Petr Nemec, MUDr",Halasovo Namesti 597/1,Brno,Drugs,No 
3004117486,"Hubei Gedian Humanwell Pharmaceutical Co., Ltd.",No. 25 Juxian Road; Gedian Development Zone,Ezhou,Drugs,No 
3026244894,Transpire Bio Inc,2945 W Corporate Lakes Blvd Ste A,Weston,Drugs,No 
3004520523,"Sucampo Pharma, LLC","4-1, Tekunopaku",Sanda,Drugs,No 
3023677905,Marksans Pharma Limited,"Plot A-1, Phase 1- A, Verna Industrial Estate",Verna,Drugs,No 
3010002722,Keystone Industries,480 S Democrat Rd,Gibbstown,Drugs,Yes
3039111919,"Monika Meglicka, MD, PhD","Medical Network, Ul. Plowiecka 103",Warsaw,Drugs,No 
3022125340,Biocon Biosphere Limited,"Plot No 95 Jawaharlal Nehru Pharma City Visakha Pharmacity, Sez",Paravada,Drugs,No 
3008861594,Matrix Pharmacorp Private Limited,"Plot No. 5, Unit 9","Anakapalli District, Visakhapatnam",Drugs,No 
3024038751,"Harbin Jixianglong Biotech Co., Ltd.","North Of Baoan Road, East Of Changqing Street, Hulan District",Haerbin,Drugs,No 
3013828595,"Mario Campone, MD, PhD",Boulevard Professeur Jacques Monod,Saint-Herblain,Drugs,No 
1910448,"Morton Salt, Inc.",1000 Morton Dr,South Hutchinson,Drugs,No 
1911196,Lloyd Inc. of Iowa,604 W Thomas Ave,Shenandoah,Drugs,Yes
3013703000,Ailex Pharmaceuticals LLC,16825 W 116th St,Lenexa,Drugs,No 
3039281831,"Allen L. Hunt, M.D.","Celerion, Inc., 621 Rose St",Lincoln,Drugs,No 
3030004310,"Menasha Packaging Company, LLC",400 W Lincoln Ave Ste 92,Lititz,Drugs,Yes
2650087,"Combe Products, Inc.","El Duque Industrial Park, Road 971 Street A",Naguabo,Drugs,Yes
3040979316,"Sioban B. Keel, M.D.","University Of Washington, 4333 Brooklyn Ave Ne",Seattle,Drugs,No 
3013273007,"QuantiPharm, Inc.",3181 Delaunay St Suite 201,Laval,Drugs,Yes
3028672933,"BeOne Medicines USA, Inc.",311 Pennington Rocky Hill Rd Bldg 51,Pennington,Drugs,No 
3038175068,"Chintan Patel, MBBS","Sai Trinity Complex Wing A - Floors 1, 4 - 6 & Wing B -; 5th Floor; Survey No 146",Pashan,Drugs,No 
3038610707,"Frederic Vanhoutte, M.D.","Clinical Pharmacology Unit, Drie Eikenstraat 655, Edegem, Sgs Life Science Services",Antwerpen,Drugs,No 
3038882435,Manuel Ruiz Borrego,"Hospital Universitario Virgen Del Rocio, Avda. Manuel Siurot S/N, Hospital General, Planta Semisotano, Servicio De Farmacia",Sevilla,Drugs,No 
3006577728,PETNET Solutions Inc.,350 Washington St Unit 268,Woburn,Drugs,Yes
3005340341,MannKind Corporation,1 Casper St,Danbury,Drugs,No 
3008716173,"Grand River Aseptic Manufacturing, Inc.",524 Butterworth St Sw,Grand Rapids,Drugs,Yes
3019594046,Grand River Aseptic Manufacturing Inc.,6670 Patterson Ave Se Ste 1a,Caledonia,Drugs,Yes
2182801,"Geneva Laboratories, Inc",1001 Proctor Dr,Elkhorn,Drugs,Yes
3039693965,"Gerard F. Acloque, Jr., M.D.","Universal Medical And Research Center, 3780 W Flagler St",Coral Gables,Drugs,No 
1610490,Beauty Manufacturing Solutions Corp.,1250 S Freeport Pkwy,Coppell,Drugs,Yes
3001623073,Jubilant HollisterStier General Partnership,16751 Rte Transcanadienne,Kirkland,Drugs,Yes
3026274805,RNV LLC,14501 Nw 60th Ave,Miami Lakes,Drugs,Yes
3005351079,Active Cosmetics Manufacturing Inc,7075 Kingspointe Pkwy Ste 2 3 4 & 5,Orlando,Drugs,Yes
3008769355,"PETNET Solutions, Inc.",2139 Auburn Ave Ste D509,Cincinnati,Drugs,No 
3006784948,"BioMed Laboratories, LLC.",8181 Eastpoint Dr Ste 100-500,Dallas,Drugs,Yes
3015265824,Ionetix Corporation,3901 Rainbow Blvd Ste B701,Kansas City,Drugs,Yes
3010401502,Apertus Pharmaceuticals,331 Consort Dr,Ballwin,Drugs,No 
3000207078,"Weckerle Cosmetics USA, INC",525 Maple Ave,Torrance,Drugs,Yes
3011603634,"Carnegie Pharmaceuticals, LLC",600 Delran Pkwy Ste C,Delran,Drugs,No 
3027021448,"PathoQuest, Inc",466 Devon Park Dr,Wayne,Drugs,Yes
3040363393,"Javier Sosa Faria, M.D.",1123 Ave Hostos,Ponce,Drugs,Yes
3000209694,"Timothy I. Melson, M.D.","Shoals Medical Trials, Inc., 1300 S Montgomery Ave",Sheffield,Drugs,No 
3005275502,"Changzhou Qianhong Biopharma Co., Ltd.","128 Xueye Road, Xuejiazhen Xinbei District",Changzhou,Drugs,No 
3006545436,Zhejiang Hisoar Chuannan Pharmaceutical Co. Ltd.,"Zhejiang Chemical Materials Base, No. 23 5th Donghai Ave.; Linhai Zone",Taizhou,Drugs,No 
3002808125,"Sumitomo Chemical Co., Ltd.","3750 Ampachi-Gun  Azajuhachicho, Maki;  Ampachi-Cho; Maki; Anpachi-Cho",Anpachi-Gun,Drugs,No 
3021637531,"Chongqing Sintaho Pharmaceuticals Co., Ltd.","No. 600 Liuqing Rd., Maliuzuizhen Banan",Chongqing,Drugs,No 
3014499397,"Blue Sea Aerosol & Daily Care Co., Ltd","Xiongzhou, Dongzhuang Village; Town, Xiongxian",Baoding,Drugs,No 
3039417052,"Tamta Kobakhidze, MD, PhD",255 Tsotne Dadiani Str.,Tbilisi,Drugs,No 
3008789244,Sterling Contract Packaging Inc,1875 Moore Duncan Hwy,Moore,Drugs,No 
3015332193,Violeta M. Iotova,"Mhat Sveta Marina, First Pediatric Clinic Department For Intensive Treatment, Hristo Smirnenski Str. 1",Varna,Drugs,No 
3011891233,"Bartosz Korczowski, MD., PhD",Ul. Litewska 4a/7,Rzeszow,Drugs,No 
3010310797,"PicoBio Co., Ltd.","352-38 Jangmu-Ro, Janggye-Myeon",Jangsu,Drugs,No 
3005292384,"GE Healthcare Shanghai Co., Ltd.","No. 1 Niudun Road, Trade Zone",Shanghai,Drugs,No 
3039933068,"Robert G. Bass, Jr., M.D.","Icon Early Phase Services, Llc, 8307 Gault Ln",San Antonio,Drugs,No 
3015636832,9055-7588 Quebec Inc. DBA Attitude,945 Joseph-Louis-Mathieu St,Sherbrooke,Drugs,Yes
3039415093,"Christina L. Barlow, M.D.",1200 N State St Ste 490,Jackson,Drugs,No 
3023709962,"Vemulkonda K. Rao, M.D.","National Institutes Of Health Clinical Center, 10 Center Dr",Bethesda,Drugs,Yes
3006005783,JP Packaging L.L.C.,37 Elkay Dr Ste 59,Chester,Drugs,Yes
1218914,"Safecor Health, LLC",317 New Boston St,Woburn,Drugs,Yes
3003932395,SOFIE Co. dba SOFIE,8285 El Rio St Ste 160,Houston,Drugs,Yes
3000207183,Henkel US Operations Corporation,125 Jaycee Dr,West Hazleton,Drugs,No 
2432212,"LNK International, Inc.",22 Arkay Dr,Hauppauge,Drugs,Yes
3027285712,"Vinay Sikand, M.D.","Pulmonary Ultimate Research Experience, 508 Lakehurst Rd Ste A-1",Toms River,Drugs,No 
3004540907,OrBion Pharmaceuticals Private Limited,"& B6 Plot Nos B5, Sipcot Industrial Park",Chennai,Drugs,No 
3000209735,Catalent Greenville Inc,1240 Sugg Pkwy,Greenville,Drugs,Yes
1211022,"Pfizer, Inc.",445 Eastern Point Rd,Groton,Drugs,No 
3028988182,"Pharmalogic Cincinnati, LLC",200 Albert Sabin Way Rm G310,Cincinnati,Drugs,No 
3004932373,"CareFusion 213, LLC",1550 Northwestern Dr,El Paso,Drugs,Yes
3039258453,Hina Budhwani,1235 North Loop W Ste 220,Houston,Drugs,No 
1000140135,Inotiv Inc,2701 Kent Ave,West Lafayette,Drugs,No 
3040485601,Eric T. Rush M.D,"Children'S Mercy Hospital, 2401 Gillham Rd",Kansas City,Drugs,Yes
1940882,Haleon US Holdings LLC,320 S Broadway,Saint Louis,Drugs,No 
3000287140,"Classic Cosmetics, LLC",9530 De Soto Ave,Chatsworth,Drugs,Yes
3039670956,"Dr. Manish Butte, M.D.",714 Tiverton Ave,Los Angeles,Drugs,Yes
3017532195,Aarkish Pharmaceuticals NJ Inc,8 Commerce Rd,Fairfield,Drugs,Yes
3016004065,Flamma USA LLC,383 Phoenixville Pike,Malvern,Drugs,No 
2510480,EMS Acquisition Corp,701 Hemlock Rd,Morgantown,Drugs,Yes
3023371070,Jason L. Aldred M.D.,610 S Sherman St Ste 208,Spokane,Drugs,Yes
3008087151,"Frontida Biopharm, LLC",2500 Molitor Rd,Aurora,Drugs,Yes
3003431146,MSD International GmbH (Singapore Branch),21 Tuas South Avenue 6,Singapore,Drugs,No 
3003706125,ClinSync Clinical Research Pvt Ltd,"225 Plot No 7 - 18, Survery No",Hyderabad,Drugs,No 
3003706125,ClinSync Clinical Research Pvt Ltd,"225 Plot No 7 - 18, Survery No",Hyderabad,Drugs,No 
3017118698,"Foshan Miwei Cosmetics Co., Ltd.","801 & 802, Building 9, Baofa Jewellery Industry Centre, Feicui Road ; No. 1 Lunjiao Subdistrict Yangenanhaoshesi Lane; Shunde District",Foshan,Drugs,No 
3005940219,"Shiono Finesse, Ltd.","156-1 Aza-Hamawari, Yonozu    49, Mikunichoyonozu",Sakai,Drugs,No 
3006775079,Laboratorios Normon SA,"P.I. Tres Cantos, Ronda De Valdecarrizo 6",Tres Cantos,Drugs,No 
3039046172,"Renata Stawerska, MD, PhD",Ul. Rzgowska 281/289,Lodz,Drugs,No 
3008259952,"Zhejiang Apeloa Tospo Pharmaceuticals Co., Ltd","519 Jiang Shanbeicun, Hengdianzhen Dongyang",Jinhua,Drugs,No 
3014543859,"Yangzhou H&R Plastic Daily Chemical Co., Ltd.","188 Xingyuan Road, Hangjizhen Han Jiang District",Yangzhou,Drugs,No 
3039803532,"Ansgar J. Weyergraf, M.D., Clinical Investigator",Hase Strasse 17,Bramsche,Drugs,No 
3005389393,Corcept Therapeutics Incorporated,101 Redwood Shores Pkwy,Redwood City,Drugs,No 
3038881783,Javier Pascual Lopez,"Hospital Clinico Univ. Virgen De La Victoria, Campus Universitario De Teatinos S/N, Complejo Hospitalario De Especialidades Virgen De La Victoria, Servicio De Oncologia",Malaga,Drugs,Yes
3038011239,ICON plc,Amerikaweg 18,Assen,Drugs,No 
1470216,Mount Sinai Hosp IRB #1,1500 S Fairfield Ave,Chicago,Drugs,No 
1926520,University of Missouri - Columbia Research Reactor Center,1513 Research Park Dr,Columbia,Drugs,No 
3039020787,"Muhammad M. Salim, MD","Chandler Clinical Trials/ Elite Clinical Network, 255 S Dobson Rd Ste 4",Chandler,Drugs,Yes
3000215814,"Carecam International, Inc.",10 Plog Rd,Fairfield,Drugs,Yes
2521218,Novum Independent Institutional Review Board,3760 Pecos-Mcleod Interconnect,Las Vegas,Drugs,No 
2936586,SV Labs Corporation,480 Airport Blvd,Watsonville,Drugs,Yes
2915875,"EO Products, LLC",90 Windward Way,San Rafael,Drugs,Yes
3039284743,Kim Chi,600 10th Ave W,Vancouver,Drugs,No 
3005840211,Savior Lifetec Corporation Tainan Branch,"11 Da-Shuen 9th Rd., Xinshi Dist.",Tainan City,Drugs,No 
3039637572,"Amid Hamidi, M.D.","Ascendant Research Clinic, Llc, 408 N Main St",Marion,Drugs,Yes
1940521,SpecGx LLC,3600 N 2nd St,Saint Louis,Drugs,No 
3038873946,Dr. Sharmila Patil,"Sector 5, 61 - 62 Dr D Y Patil Medical College Hospital And Research Centre; 1st Floor; Brahmagiri Marg; Opd",Navi Mumbai,Drugs,No 
1220747,Mylan Technologies Inc.,110 Lake St,Saint Albans,Drugs,No 
3039284423,"Filipa Lynce, M.D.",450 Brookline Ave,Boston,Drugs,Yes
3008736380,Ava Inc,7051 S Adams St,Willowbrook,Drugs,No 
3032196082,INVICTA NUTRACEUTICALS,870 E Crescentville Rd,West Chester,Drugs,Yes
3006709396,"AMPARO MEDICAL TECHNOLOGIES, INC.",2260 E Winston Rd,Anaheim,Drugs,No 
3006810568,GSK LLC (GlaxoSmithKline),1250 S Collegeville Rd,Collegeville,Drugs,No 
1818977,"ENDO USA, Inc.",870 Parkdale Rd,Rochester,Drugs,Yes
2243252,Bayer Healthcare Pharmaceuticals Inc.,100 Bayer Blvd,Whippany,Drugs,No 
1073,"Alps Pharmaceutical Industrial Co., Ltd.",2-10-50 Furukawachomukai-Machi,Hida,Drugs,No 
3006518511,"Precision Nuclear of Virginia, LLC",1634 Midland Rd,Salem,Drugs,Yes
3024508819,"Embecta Medical 1, LLC.",1329 W Us Highway 6 Ste B,Holdrege,Drugs,Yes
3039803579,"Talissa A. Altes, MD","Department Of Radiology, 1 Hospital Dr",Columbia,Drugs,No 
3003887639,"Diamond Wipes International, Inc.",4651 Schaefer Ave,Chino,Drugs,Yes
3013849952,Neutripure Corporation,1700 Marshall Ave,Saint Paul,Drugs,Yes
3002772224,"Reed-Lane, Inc.",359 Newark Pompton Tpke,Wayne,Drugs,No 
2518365,Wills Eye Hospital IRB,840 Walnut St Ste 1520,Philadelphia,Drugs,Yes
3039048714,Angel Rivero Calaf,Calle Del Comte Borrell 164-166,Barcelona,Drugs,No 
3039046199,Peter Szlosarek,"St. Bartholomews Hospital, Charterhouse Square; West Smithfield",London,Drugs,No 
3039458853,"Dr. Patel Dharaben Dhanjibhai, M.D.","205-208 Agam Avenue, Near Adani Cng Pump, Ram Nagar, Sabarmati, Prajna Health Care, 2nd Floor",Ahmedabad,Drugs,No 
2000033505,"Zhejiang Jingxin Pharmaceutical Co., Ltd","No. 800 Xinchang Ave. East Rd., Yulin St., Xinchang County",Shaoxing,Drugs,Yes
3038703939,Malgorzata Wach,"Samodzielny Publiczny Szpital Kliniczny 1, Ul., Stanislawa Staszica 11 Lublin",Lublin,Drugs,No 
3007428662,"ARNA Pharma Pty., Ltd.",20 Rodborough Road,Frenchs Forest,Drugs,Yes
3009601151,FARMOVS PTY Ltd.,"Pharmacology Building, Dekaan Street",Bloemfontein,Drugs,No 
3013455974,Kalintis Healthcare Private Ltd.,"52a Po Gardhiya, Jarod Samlaya Road",Savli,Drugs,No 
1815703,Liquipak Corporation,2205 Redman Dr,Alma,Drugs,Yes
3038354809,"Narender Miryala, MBBS","Chromo Laboratories India Private Limited- Plot No 26 And 27, Technocrat Industrial Estate (Tie), Balanagar",Hyderabad,Drugs,No 
3038446553,"Dr. Dwarkesh Oswal, M.D.","Lambda House, 388 Plot No 38; Suf\Ey No; Near Silver Oak Club",Ahmedabad,Drugs,No 
2522445,"Noramco, Inc.",500 Swedes Landing Rd,Wilmington,Drugs,No 
3004536846,Apozeal Pharmaceuticals Inc.,2091 Hartel Ave,Levittown,Drugs,Yes
3005765078,"Brian S. Biesman, MD",345 23rd Ave N Ste 416,Nashville,Drugs,Yes
1036365,"Hill Dermaceuticals, Inc.",2650 S Mellonville Ave,Sanford,Drugs,Yes
3003983334,"Medline Industries, LP",1710 S Lakeside Dr,Waukegan,Drugs,No 
3019494,Oregon Health & Science University IRB,3181 Sw Sam Jackson Park Rd,Portland,Drugs,No 
3038778816,"Harshil Thakkar, MBBS","Shiv Ganga 2, Opposite D-Mart, Panchot Circle, Lambda Therapeutic Research, Ltd.",Mehsana,Drugs,No 
3008670483,"Richard D. Berkowitz, M.D.",7171 N University Dr Ste 100,Tamarac,Drugs,No 
1313700,F. M. Howell & Company,151 E 5th St,Elmira,Drugs,Yes
3007220553,"Matthew G. Davis, M.D.","Rochester Clinical Research, Inc., 500 Helendale Rd Ste 200",Rochester,Drugs,No 
3013648152,Olon USA LLC,7528 Auburn Rd,Concord Township,Drugs,No 
3040363383,"Evan Russell, DO","Nkc Health Medical Group, 2700 Clay Edwards Dr Ste 260",Kansas City,Drugs,Yes
3030214322,"Victoria Mirza, M.D.",855 3rd Ave,Chula Vista,Drugs,No 
3014086465,Biocon Generics Inc.,1 Duncan Dr,Cranbury,Drugs,Yes
3002917254,"Joseph S. Gimbel, MD","Arizona Research Center, 15601 N 28th Ave Ste 100",Phoenix,Drugs,No 
3003656524,"Otsuka Pharmaceutical Co., Ltd.","Minami, Shishitoki, Matsutani, 13; Itano-Cho",Itano-Gun,Drugs,No 
3038703927,Jaroslaw Czyz,"Szpital Uniwersytecki Nr 2 Im. Dr. Jana Biziela W Bydgoszczy, Ul. Kornela Ujejskiego 75",Bydgoszcz,Drugs,No 
3039284749,Iwona A. Skoneczna,Ul Grenadierow 51/59,Warsaw,Drugs,No 
3022175565,Emcure Pharmaceuticals Ltd.,485 New Survey No,Kadu,Drugs,No 
3018052201,"George H. Freeman, M.D.","Health Research Of Hampton Roads, Inc., 720 Thimble Shoals Blvd Ste 110",Newport News,Drugs,No 
3007366413,F. M. Howell & Company,100 E Miller St,Elmira,Drugs,No 
3039464114,"Haisco-USA Pharmaceuticals, Inc.",1200 Us Highway 22 Ste 2000,Bridgewater,Drugs,Yes
3002864192,Precare Corp,100 Oser Ave,Hauppauge,Drugs,Yes
3013014383,CASAD Company Inc,450 S 2nd St,Coldwater,Drugs,Yes
3025923690,Axay Parth MD,"Office No. 9, 10 & 11, 1st, 2nd, And 3 Floor, Radhe Palladium, Panchot, Veeda Clinical Research Ltd.",Mehsana,Drugs,No 
3002807334,Janssen Pharmaceutica NV,Lammerdries 55,Olen,Drugs,No 
3005053832,Materials Characterization Center Inc,Edificio Facundo Bueso 247 Universidad De Puerto Rico,San Juan,Drugs,Yes
1450706,"Thermo-Pak Company, Inc.",360 Balm Ct,Wood Dale,Drugs,No 
3015204529,"Aucta Pharmaceuticals, Inc.",71 Suttons Ln,Piscataway,Drugs,Yes
3004975271,"Mitchell D. Efros, M.D.",1305 Franklin Ave Ste 150,Garden City,Drugs,No 
3039541924,"Ihosvani Miguel, M.D.",500 Se 17th St Ste 301,Fort Lauderdale,Drugs,No 
3038144472,"Debra Weinstein, M.D.","Science 37, Inc., 3005 Carrington Mill Blvd Ste 500",Morrisville,Drugs,No 
3001237145,"OraLabs, Incorporated",18685 Plaza Dr,Parker,Drugs,Yes
3039047760,Olga Olevsky,2020 Santa Monica Blvd Ste 600,Santa Monica,Drugs,No 
3027460342,Island Testing and Technical Services LLC,2500 Nesconset Hwy Bldg 19 Unit 72 C,Stony Brook,Drugs,Yes
3039048719,"James E Race, MD",2909 S Hampton Rd Ste D107,Dallas,Drugs,No 
1811575,"Indiana Botanic Gardens, Inc",3401 W 37th Ave,Hobart,Drugs,Yes
2182681,"LTS Therapy Systems, LLC",1685 Marthaler Ln,Saint Paul,Drugs,No 
1019003,Baxter Healthcare Corporation,911 N Davis Ave,Cleveland,Drugs,Yes
1216976,UL Verification Services Inc.,85 John Rd,Canton,Drugs,No 
3032299571,Lonza Manufacturing LLC,1000 New Horizons Way,Vacaville,Drugs,No 
3004957221,Applied Consumer Services Inc.,11890 Nw 87th Ct Ste 8,Hialeah Gardens,Drugs,Yes
1018495,Patheon Manufacturing Services LLC,5900 Martin Luther King Jr Hwy,Greenville,Drugs,No 
1510437,Patheon Pharmaceuticals Inc.,2110 E Galbraith Rd,Cincinnati,Drugs,Yes
3008529213,"Rhodes Pharmaceuticals, L.P.",4701 International Blvd Pmb 307,Wilson,Drugs,No 
1049418,Alcami Carolinas Corporation,2320 Scientific Park Dr,Wilmington,Drugs,Yes
3013625169,"Olayemi O. Osiyemi, MD",2580 Metrocentre Blvd Ste 4,West Palm Beach,Drugs,No 
3022114900,Ionetix Corporation,300 W 41st St Ste 100,Miami Beach,Drugs,Yes
1415660,VVF Illinois Services LLC,2000 Aucutt Rd,Montgomery,Drugs,No 
3000717698,"Nelson Laboratories, LLC",1500 W Thorndale Ave,Itasca,Drugs,Yes
1831143,Northwind Pharmaceuticals LLC,4838 Fletcher Ave Ste 1000,Indianapolis,Drugs,Yes
3009015485,PETNET Solutions Inc.,1345 W 16th St Rm 1,Indianapolis,Drugs,Yes
1833292,"SPI Pharma, Inc.",1711 Tiles Ct,Grand Haven,Drugs,No 
2025292,Cosmetic Enterprises Ltd,12848 Pierce St,Pacoima,Drugs,Yes
3003273300,Suan Farma Inc.,17-09 Zink Pl Unit 6 And 7,Fair Lawn,Drugs,No 
3008472922,"Intercos America, Inc.",100 Brookhill Dr,West Nyack,Drugs,Yes
1000521505,A&Z Pharmaceutical Inc,350 Wireless Blvd,Hauppauge,Drugs,Yes
2410861,"ENDO USA, Inc",70 High St,Rye,Drugs,No 
3003432882,Cardinal Health 414 LLC,650 Elmwood Ave Unit B,Sharon Hill,Drugs,No 
3025039221,Achieve Life Sciences Inc.,22722 29th Dr Se Ste 100,Bothell,Drugs,No 
3038176534,"Vaishal Nareshchandra Vora, M.D., D.P.M.","Nakshatra Complex, Ratandeep Multispeciality Hospital; Maninagar Cross Roads",Ahmedabad,Drugs,No 
3007684569,Cadila Pharmaceuticals Limited,"1389 Trasad Road, Dholka",Ahmedabad,Drugs,No 
3004261627,"Anqiu Lu'an Pharmaceutical Co., Ltd.","No. 35 Weixu North Rd, Anqiu",Weifang,Drugs,No 
3007432586,Sichuan Xieli Pharmaceutical Co. Ltd.,"No 588 Mudan Avenue, Tianpengzhen Pengzhou",Chengdu,Drugs,No 
3002806419,Simtra Deutschland GmbH,Kant Str. 2,Halle (Westf.),Drugs,Yes
3003671545,Everlight Chemical Industrial Corporation Kuanyin II Plant,"Kuanyin District, 12 Industrial Third Road",Taoyuan,Drugs,No 
3007162174,MakingCosmetics Inc,10800 231st Way Ne Ste 100,Redmond,Drugs,No 
3031468435,JW Nutritional LLC,4700 S Hardin Blvd Ste 260,Mckinney,Drugs,Yes
3038529658,Aishah Jalan Ibrahim,Jalan Tanah Putih,Kuantan,Drugs,No 
3015660451,Lelypharma BV,Zuiveringweg 42,Lelystad,Drugs,No 
3015793804,Abryl Laboratories Private Limited,Mohali,Dera Bassi,Drugs,No 
3015892095,EUROSIREL S.P.A,Viale Europa 30,Cusago,Drugs,Yes
3006067100,"Eurofins BioPharma Product Testing ENCO, LLC.",4810 Executive Park Ct Ste 110,Jacksonville,Drugs,Yes
1518939,Reese Pharmaceutical Company,10617 Frank Ave,Cleveland,Drugs,No 
3023087883,"Lily C. Chao, M.D.","Mcallister Bldg, 4650 W Sunset Blvd",Los Angeles,Drugs,Yes
2129896,"PPD Development, L.P.",8551 Research Way Ste 90,Middleton,Drugs,Yes
1000151295,Intertek USA Inc.,291 Route 22 East,Whitehouse,Drugs,No 
2430738,"PML NYC, LLC",3202 Queens Blvd,Long Island City,Drugs,Yes
3038201382,"Channabasayya Hiremath, MBBS","Macleods Pharmaceuticals Ltd. Bioequivalence Department R&D Iii, Plot No. 18, Street Number 9 Midc, Andheri (East)",Mumbai,Drugs,No 
3015347724,Exel Inc.,84 Zions View Rd Ste 100,Manchester,Drugs,No 
3007025492,Nifty Labs Private Limited,"66 - A&B 67 - A&B Plot No 50 - A, Ida; 65 - A B Ntr District",Kondapalle,Drugs,No 
3010166262,Atlantic Biologicals,20101 Ne 16th Pl,Miami,Drugs,No 
1220174,"Holland Company, Inc.",153 Howland Ave,Adams,Drugs,No 
3009119769,Mayo Clinic PET Radiochemistry Facility,200 1st St Sw,Rochester,Drugs,Yes
3002118800,"Adam M. Brufsky, M.D., Ph.D","Magee-Womens Hospital Women'S Cancer Center, 300 Halket St Ste 4628",Pittsburgh,Drugs,No 
3005976722,Enem Nostrum Remedies Pvt. Ltd.,201 - 204 Ganesh Court Complex,Mumbai,Drugs,No 
3004058334,Alpha Laboratories Inc.,1262 Don Mills Rd,North York,Drugs,No 
3001137145,A & C American Chemicals Ltd,3010 De Baene St,Saint-Laurent,Drugs,No 
3010546701,"Jeffrey S. Dover, MD","Skincare Physicians, Incorporated, 1244 Boylston St Ste 300",Chestnut Hill,Drugs,No 
3031260195,"Keith A. Marcus, M.D.","Marcus Facial Plastic Surgery, 1815 Via El Prado Ste 102",Redondo Beach,Drugs,No 
3013395657,Cormica Bradford Limited,"Unit 69, Campus Road; Listerhills Science Park",Bradford,Drugs,No 
1214544,"Specialty Minerals, Inc.",260 Columbia St,Adams,Drugs,No 
3008992769,Incyte Corporation,1801 Augustine Cut Off,Wilmington,Drugs,No 
3011851024,"Integrated Commercialization Solutions, Inc.",1195 Trademark Dr Ste 102-B,Reno,Drugs,No 
1021320,SpecGx LLC,8801 Capital Blvd,Raleigh,Drugs,No 
1421090,"Mccrone Associates, Inc.",850 Pasquinelli Dr,Westmont,Drugs,No 
3011290762,UCB Biosciences Inc.,1950 Lake Park Dr SE,Smyrna,Drugs,No 
3011290762,UCB Biosciences Inc.,1950 Lake Park Dr SE,Smyrna,Drugs,No 
1038197,Generics Bidco II LLC,3241 Woodpark Blvd,Charlotte,Drugs,Yes
1019820,Crown Laboratories,349 Lafe Cox Dr,Johnson City,Drugs,Yes
3039284765,"David S. Morris, M.D.",2801 Charlotte Ave,Nashville,Drugs,No 
3013546115,"Fresenius USA Manufacturing, Inc",5105 S National Dr,Knoxville,Drugs,No 
1319147,"J.M. Murray Center, Inc.",823 State Route 13,Cortland,Drugs,Yes
1417338,GE Healthcare Inc.,3350 N Ridge Ave,Arlington Heights,Drugs,No 
1000117147,"Actavis Laboratories UT, Inc.",577 S Chipeta Way,Salt Lake City,Drugs,Yes
3009027673,Barbara Ann Karmanos Cancer Hospital,3901 Beaubien St,Detroit,Drugs,Yes
3039047315,Michael J Tansey,200 Hawkins Dr,Iowa City,Drugs,No 
1931484,"Grato Holdings, Inc.",201 Apple Blvd,Woodbine,Drugs,Yes
2015729,S&B Pharma LLC d.b.a. Norac Pharma,405 S Motor Ave,Azusa,Drugs,No 
3038143251,"Corey G. Anderson, M.D.",1492 S Mill Ave Ste 312,Tempe,Drugs,Yes
3001238747,Kendrick Laboratories,1202 Ann St,Madison,Drugs,No 
3007044510,"Petnet Solutions, Inc.",86-110 Orchard St,Hackensack,Drugs,Yes
3033203043,Verity Pharmaceuticals Inc.,850 Bear Tavern Rd Ste 108,Ewing,Drugs,No 
3013669013,"PETNET Solutions, Inc.",660 1st Ave Rm 140,New York,Drugs,No 
3031441760,"Kent A. Swaine, MD","Novum Pharmaceutical Research Service, 3760 Pecos Mcleod Ste 1",Las Vegas,Drugs,Yes
3024720136,"Michael B. Jacobs, M.D.","Alliance For Multispecialty Research, L.L.C., 2110 E Flamingo Rd Ste 308",Las Vegas,Drugs,No 
3012082928,Enem Nostrum Remedies Pvt. Ltd,"Plot No 35, Ancillary Industrial Plots; Near Bmc ""M"" Ward Office",Mumbai,Drugs,No 
3012082928,Enem Nostrum Remedies Pvt. Ltd,"Plot No 35, Ancillary Industrial Plots; Near Bmc ""M"" Ward Office",Mumbai,Drugs,No 
1000323280,Canadian Custom Packaging Co.,333 Rimrock Rd,North York,Drugs,No 
3035436094,"Pradeep. T., M.D.","No 29 A Spinos Life Sciences Pvt. Ltd., Gn Mills Road; Alankar Thottam",Coimbatore,Drugs,No 
1000568184,"A. Nelson & Co., Ltd.",5 Endeavour Way,London,Drugs,No 
3038175069,"Minakshi N. Parikh, M.D.","G3 Bj Medical College And Civil Hospital, Hospital Road; Ward",Ahmedabad,Drugs,No 
3032748072,"Pramila Yadav, M.B.B.S.","Pvt., A - 31 Accutest Research Laboratories Private Limited; Cross No 18 Road; Ltd",Navi Mumbai,Drugs,No 
3002808302,"Syn-Tech Chemical & Pharm. Co., Ltd.","168 Kaiyuan Rd., Xin Ying Qu",Tai Nan Shi,Drugs,No 
3014118270,Jubilant Draximage (USA) Inc.,790 Township Line Rd Ste 325,Yardley,Drugs,No 
3010728729,"Lianyungang Kangle Pharmaceutical Co., Ltd.","Ganyu, No. 2 Hua South Rd; Ganyuxian",Lianyungang,Drugs,No 
3014428888,PEARMINE HEALTH LTD,"Unit 5, The Sidings; Top Station Road",Brackley,Drugs,Yes
3038548762,Kazutomo Toyofuku,"2 Chome 7-15 Karahashi Building 6f, Takadanobaba",Shinjuku,Drugs,No 
3013421522,CYCLE PHARMACEUTICALS LTD,"Broers Building, 21 J J Thomson Avenue",Cambridge,Drugs,No 
3012440392,Daane Labs,4795 Enterprise Ave,Naples,Drugs,Yes
3004318171,NATARA GLOBAL LIMITED,Belasis Avenue,Billingham,Drugs,No 
3027337476,Thurs Organics Private Limited,"Plot No. B-89,  Midc Lote Parshuram",Ratnagiri,Drugs,Yes
3007783546,Huatai Biopharm Inc.,"Xiaohan, No. 5 East Section, Industrial Avenue; Xiaohanzhen Guanghan",Deyang,Drugs,No 
3006784730,Indoco Remedies Limited,"A 26 A - 27 A - 28 1&2 Midc Ind Area, Patalganga",Kaire,Drugs,No 
3031697771,Rosie Mngqibisa,"Sidmouth Avenue, Wentworth 4032, 1 Wentworth Hospital, Ward D",Durban,Drugs,No 
3012158090,Solaris Pharma Corp,49 Napoleon Ct,Somerset,Drugs,Yes
3003777563,"Mitsubishi Tanabe Pharma America, Inc.",525 Washington Blvd Ste 1100,Jersey City,Drugs,No 
3002806795,Delmar Chemicals Inc,9321 Airlie St,Lasalle,Drugs,No 
3014210753,Immacule Lifesciences Private Limited,"Village Thanthewal, Ropar Road, Nalagarh",Solan,Drugs,No 
3015062266,"Wuhan Jinshengyuan Textile Manufacturing Co., Ltd.","No. 410, 411, 412, 4th Floor, Building 1, Mobile Terminal, No. 777 Guanggu 3rd Road; Donghu New Tech Development Zone",Wuhan,Drugs,No 
3017522935,"Eurofins Food Chemistry Testing Madison, Inc.",6304 Ronald Reagan Ave,Madison,Drugs,No 
3039047656,"Candice J. McNeil, M.D.",1 Medical Center Blvd,Winston Salem,Drugs,No 
3006088423,"Charles River Laboratories, Inc.",334 South St,Shrewsbury,Drugs,No 
1450662,"Isomedix Operations, Inc.",1880 Industrial Dr,Libertyville,Drugs,No 
1714750,"Thatcher Company, Inc.",1905 W Fortune Rd,Salt Lake City,Drugs,No 
3010166888,Division of Nuclear Medicine PET Radiopharmaceutical Production Program,"1301 Catherine St, 2276 Medical Science Bldg 1, Spc-5610",Ann Arbor,Drugs,Yes
2227314,"Siegfried USA, LLC",33 Industrial Park Rd,Pennsville,Drugs,No 
3011212532,Avantor Performance Materials India Limited,"501, 5th Floor, Tiffany Building, Hiranandani Business Park, Off Ghodbunder Road",Thane,Drugs,No 
3003882011,"Quotient Sciences - Philadelphia, LLC",3 Chelsea Pkwy Ste 305,Boothwyn,Drugs,Yes
3039284802,"Lazaro H. Cordoves, M.D.","Harmony Clinical Research, Inc., 18260 Ne 19th Ave Ste 103",North Miami Beach,Drugs,No 
3015392060,Lupin Limited,"Plot No 6b Sector - 17, Unit - 2; Special Economic Zone; Mihan",Nagpur,Drugs,Yes
3000234005,Fareva Amboise,"Zone Industrielle, 29 route des Industries",Poce Sur Cisse,Drugs,Yes
3009603151,Elevate Oral Care,"346 Pike Rd Ste 5, Suite 1, 5, 13, & 23",West Palm Beach,Drugs,No 
3005890633,Intas Pharmaceuticals Ltd.,Camp Road,Selaqui,Drugs,No 
3011590614,"Pasi A. Janne, M.D., Ph.D.","Dana-Farber Cancer Institute, 450 Brookline Ave",Boston,Drugs,No 
3006642851,"Unilever Manufacturing (US), Inc.",2407 Quality Way,Jonesboro,Drugs,Yes
3005382247,"Pharbest Pharmaceuticals, Inc.",14 Engineers Ln,Farmingdale,Drugs,Yes
3003194366,"ChiRhoClin, Inc",4000 Blackburn Ln Ste 270,Burtonsville,Drugs,Yes
3038549320,"Yoshiaki Tsujino, M.D.","5-9-26, Uozaki-Kitamachi, Higashinada-Ku, Uozakikita-Machi; Higashinada",Kobe,Drugs,No 
3003075526,"WestRock Converting, LLC",500 Frith Dr,Ridgeway,Drugs,Yes
3005955297,Shire Human Genetic Therapies Inc,205 Alewife Brook Pkwy,Cambridge,Drugs,No 
3001770544,Rush University System for Health IRB,1653 W Congress Pkwy Fl 6,Chicago,Drugs,Yes
3032385909,University of Texas Rio Grande Valley IRB,701 E Expressway 83 Ste 4.355,Mcallen,Drugs,No 
3012101967,"Cardinal Health 414, LLC",4343 W 62nd St,Indianapolis,Drugs,Yes
3039047652,"Aaron C. Ermel, MD",640 Eskenazi Ave,Indianapolis,Drugs,Yes
3003918018,Ajinomoto Health & Nutrition North America Inc,1116 Highway 137,Eddyville,Drugs,No 
3002679704,"Cosmax USA, Corporation",300 Milik St,Carteret,Drugs,Yes
2518860,Christiana Care IRB,"200 Hygeia Drive, Suite 2200",Newark,Drugs,No 
3017128566,"Lundbeck Seattle BioPharmaceuticals, Inc.",11804 N Creek Pkwy S,Bothell,Drugs,No 
3012841301,Avadel CNS Pharmaceuticals LLC,16640 Chesterfield Grove Rd,Chesterfield,Drugs,Yes
1000429223,Klinge Chemicals Limited,"5-7 Albion Way, Kelvin Industrial Estate",East Kilbride,Drugs,No 
3004101736,Harman Finochem Limited,"A-100, A-100/1, A-100/2 & D-1, M.I.D.C Industrial Area, Shendra",Aurangabad,Drugs,No 
3005658262,Analytical Solutions,"B-22 Midc, Ttc Industrial Area, Chinchavali",Navi Mumbai,Drugs,No 
3007721565,Quimica y Farmacia S.A. de C.V.,"Blvd. Industrias Automotriz #3045, Fracc. Ii, Ramos Arizpe Centro",Ramos Arizpe,Drugs,No 
3002533384,"Syneos Health Clinique, Inc.",2500 Einstein St,Quebec,Drugs,No 
3001599766,"Jiangsu Jiaerke Pharmaceuticals Group Corp., Ltd.","Huzhuangtou, No. 302 Sanhuangmiaocun; Zhengluzhen Wujin Districtzhenglu, Tianning",Changzhou,Drugs,No 
3005463252,"Zhejiang Shenzhou Pharmaceutical Co., Ltd.","No 9 Fuying Subdistrict, Xiandai Industrial Zone Xianjuxian",Taizhou,Drugs,No 
3002807703,Neopharm Labs Inc.,865 Michele-Bohec Blvd,Blainville,Drugs,No 
3002808114,Arch Pharmalabs Ltd.,"22 & F40 Plot No C - 21, Manpada Road",Dombivli,Drugs,No 
3002977798,USV Private Limited,"B-1/8, Midc, Lote-Parshuram Ind. Area","Takula Khed, Dist. Ratnagiri",Drugs,Yes
3038792468,"M. Lorraine Purino, MD",960 E Green St Ste 310,Pasadena,Drugs,No 
3004102645,Helixor Heilmittel GmbH,Fischermuhle 1,Rosenfeld,Drugs,No 
3012051074,"Nippon Shikizai, Inc.","25, Wadai",Tsukuba,Drugs,Yes
3012160303,Vasudha Pharma Chem Limited - Unit III,"Plot 23 & 24, Jnpc, Thanam (V), Parawada (M)",Visakhapatnam,Drugs,No 
3010411407,"Lesley J. Burgess, MB. Ch. B., M. Med., Ph. D.","8th Fl. Tygerberg Hospital, Room 41; Francie Van Zijl Drive",Parow,Drugs,No 
3009566827,"Sharp Packaging Services, LLC",7570 Industrial Park Way Ste 2,Macungie,Drugs,Yes
3007708592,"Michelle D. Welch, M.D.",4118 Pond Hill Rd Bldg 3,Shavano Park,Drugs,No 
3008274683,"Specialty Formulations & Manufacturing, LLC",2255 W Desert Cove Ave Ste C,Phoenix,Drugs,Yes
3025324933,"Xenova Sciences, LLC",14184 S 220th St,Gretna,Drugs,No 
3019853324,Flowchem Pharma Private Limited,"8(P) Plot No 2b - 2 - 2c, Survey No 7(P) &; Gollapuram Industrial Park",Hindupur,Drugs,No 
1015213,Livent USA Corp,1115 Bessemer City Kings Mtn Hwy,Bessemer City,Drugs,No 
1045114,Duke University Health System IRB,2200 W Main St Ste 1000,Durham,Drugs,No 
1219205,"Boehringer Ingelheim Pharmaceuticals, Inc.",900 Ridgebury Rd,Ridgefield,Drugs,Yes
1419861,Precision Dose Inc.,722 Progressive Ln,South Beloit,Drugs,Yes
1813682,Evonik Corporation,1650 Lilly Rd,Lafayette,Drugs,No 
2210679,Unette Corp,1578 Sussex Tpke,Randolph,Drugs,Yes
3038276751,"Frank Lee, M.D.","Frontage Clinical Services, Inc., 200 Meadowlands Pkwy",Secaucus,Drugs,No 
3009960162,Areva Pharmaceuticals Inc,7112 Areva Dr Ne,Georgetown,Drugs,Yes
3003304148,"JHK, Inc.",1452 3rd St,Osceola,Drugs,No 
3005554260,Cohance Lifesciences Limited,"R.S. No. 50/1, Mukteshwarapuram, Jaggiahpeta Mandal",Krishna District,Drugs,No 
3037647985,Encube Ethicals Private Limited,"63/1 64/1 64/2 64/3 64/4 64/5 242/5 242/6 266/1 266/2 Village Hedutane, Cs No 59/5",Kalyan,Drugs,No 
3009461317,"Oxygen Development, L.L.C.",1525 S Congress Ave,Palm Springs,Drugs,Yes
3009882220,"Tecnimede-Sociedade Tecnico-Medicinal, S.A.","Rua da Cerca, Ribaldeira",Dois Portos,Drugs,No 
1000110944,"WestRock Converting, LLC",5950 Grassy Creek Blvd,Winston Salem,Drugs,No 
3004063414,"Charles River Laboratories Cleveland, Inc.",14656 Neo Pkwy,Cleveland,Drugs,No 
2518761,Fox Chase Cancer Center IRB,333 Cottman Ave,Philadelphia,Drugs,No 
3006333738,Cyclotron Facility University of Pennsylvania,420 Curie Blvd,Philadelphia,Drugs,No 
3013339335,AMPAC Fine Chemicals LLC dba AMPAC Analytical,1100 Windfield Way,El Dorado Hills,Drugs,No 
2650155,MSD International GmbH (Puerto Rico Branch) LLC,"Pridco Indus Park, Sr 183",Las Piedras,Drugs,No 
2918710,AMPAC Fine Chemicals LLC,Highway 50 And Hazel Avenue,Rancho Cordova,Drugs,No 
1000086712,"Charles River Laboratories, Inc.",299 Ballardvale St,Wilmington,Drugs,Yes
3003092769,"Teva Pharmaceuticals USA, Inc",400 Interpace Pkwy Bldg A,Parsippany,Drugs,No 
3012152381,Saptalis Pharmaceuticals LLC,45 Davids Dr,Hauppauge,Drugs,No 
3009682611,"Coherus Oncology, Inc.",333 Twin Dolphin Dr Ste 600,Redwood City,Drugs,No 
1527774,Lexington Cln IRB #1,1221 S Broadway,Lexington,Drugs,No 
3018062256,"Alan Skarbnik, M.D.","Novant Health, 125 Queens Rd Ste 470",Charlotte,Drugs,No 
1032207,"Albemarle US, Inc.",348 Holiday Inn Dr,Kings Mountain,Drugs,No 
3039101211,"Ashley H. Shoemaker, MD",1500 21st Ave S Ste 1514,Nashville,Drugs,No 
3038882450,Issam Makhoul,"Central Arkansas Radiation Therapy Institute, 8901 Carti Way",Little Rock,Drugs,Yes
3010352666,"Robert G. Perry, M.D.","Panax Clinical Research, 14600 Nw 60th Ave Unit B",Miami Lakes,Drugs,Yes
3003684386,AbbVie Bioresearch Center,100 Research Dr,Worcester,Drugs,No 
3014229024,"North American Custom Laboratories, LLC dba FarmaKeio Superior Custom Compounding",1736 N Greenville Ave,Richardson,Drugs,Yes
3008488707,"PETNET SOLUTIONS, INC.",9012 Cody St,Overland Park,Drugs,Yes
2518942,"Temple University Medical IRB, #1 & #2","Student Faculty Center, 3340 N Broad St Ste 427",Philadelphia,Drugs,No 
3006799640,"Frontage Laboratories, Inc.",700 Pennsylvania Dr,Exton,Drugs,No 
3004546088,"International Chemical Entity Japan Co., Ltd.","1-2, Jobanmisawa-Machi",Iwaki,Drugs,No 
3038190463,"Sinead Delany-Moretlwe, MBBCH, PhD, DTM&H",22 Esselen Street,Johannesburg,Drugs,No 
3010165457,Sartorius Stedim Biooutsource Limited,"Unit 1, Todd Campus; Acre Road",Glasgow,Drugs,No 
3002807336,"Janssen Pharmaceutica, N.V.",Turnhoutseweg 30,Beerse,Drugs,No 
3007088564,"Chongqing Kangle Pharmaceutical Co., Ltd","(Changshou) Chemical Ind. Park, No 4 Huazhong Road, Chongqing",Chongqing,Drugs,No 
3039148701,Luis Nevarez,"Calle Citadela 5901 Int. 114, Col. Arboledas I, Chihuahua",Chihuahua,Drugs,No 
3025926685,Ritsa Pharma Private Limited,"101 2 - 340 1800 Building 1800, Gnome Valley Road; Survey No 101",Medchal,Drugs,Yes
3004446312,Aurobindo Pharma Limited,"Unit Xii, Sy.No.314, Bachupally, Bachupally Mandal, Medchal-Malkajgiri District",Medchal,Drugs,No 
3009123384,"Hefei Yatai Daily-Use Chemical Industry Co., Ltd.","Hefei Xunhuan Model Of Economic Park, Cuozhen, South Side Of Weisi Road; Town, Feidong County",Hefei,Drugs,No 
3010823443,Azico Biophore India Private Limited,"Plot No 40/A Jawaharlal Nehru Pharma City, Parawada Mandal; Thanam Village",Visakhapatnam,Drugs,No 
3009590042,Matrix Pharmacorp  Private Limited,"Jawaharlal Nehru Pharma City, 86 Plot No; Unit - 10; Sez; Parwada Mandal",Paravada,Drugs,No 
3012253182,University of Kansas IRB,2385 Irving Hill Rd,Lawrence,Drugs,No 
3012375554,"Livzon Group (Ningxia) Pharmaceutical Co., Ltd.","Pingluo Industrial Park, Toushi Road West,301 Provincial Highway South",Shizuishan,Drugs,No 
3038672359,Khaldoun Ben Hamda MD,1955 Rue 1 Er Juin,Monastir,Drugs,No 
3003099171,"ASIO Holdings, LLC",100 Saunders Rd Ste 300,Lake Forest,Drugs,No 
1000517970,"Exelead, Inc.",6925 Guion Rd,Indianapolis,Drugs,No 
2410853,"United-Guardian, Inc.",230 Marcus Blvd,Hauppauge,Drugs,Yes
3010888655,Sparsha Pharma Usa Inc,3919 Oceanic Dr,Oceanside,Drugs,Yes
3010185725,"James A. Tumlin, MD",575 Professional Dr Ste 250,Lawrenceville,Drugs,No 
3017676021,Lexenpharm (Suzhou) Limited,"Building 11, 218 Sangtian Street, Suzhou Industrial Park",Suzhou,Drugs,No 
3009568404,"Frederick J. Raal, FCP(SA), PhD, MD",7 York Road,Johannesburg,Drugs,Yes
3038549961,"Akihiro Kume, M.D.","1-65-2 Otorihigashimachi, Nishi-Ku, Otorihigashi-Machi; Nishi",Sakai,Drugs,No 
3002367943,Quality Assistance SA,Technoparc De Thudinie 2,Thuin,Drugs,No 
3013995883,"Moti N. Ramgopal, M.D.","Midway Immunology And Research Ctr., 360 E Midway Rd",Fort Pierce,Drugs,No 
3008310003,SOFIE Co. dba SOFIE,8614 Nw 107th Ter,Kansas City,Drugs,Yes
3015283245,Biocon Biologics Limited,"And W3, M2 & M6 Q1 Block No M1; Hosur Road; & Qc10 Qc3",Bengaluru,Drugs,No 
3013078323,SeQuent Research Limited,120 A&B Industrial Area,Mangalore,Drugs,No 
1000544053,Charles River Laboratories Edinburgh Ltd.,Elpinstone Research Centre,Tranent,Drugs,No 
3004108017,"David G. Evans, O.D.",6060 Primacy Pkwy Ste 200,Memphis,Drugs,No 
1181127,Macon & Joan Brock Virginia Health Sciences at Old Dominion University IRB,855 W Brambleton Ave Ste 132,Norfolk,Drugs,No 
1283766,Dartmouth-Hitchcock Clinic,1 Medical Center Dr,Lebanon,Drugs,No 
1650090,Bio-Medical Pharmaceutical Manufacturing Corporation,4311 South Dr,Houston,Drugs,Yes
3022205731,"Robert J. Hayashi, MD","Washington University, School Of Medicine, Department Of Pediatrics, 660 S Euclid Ave",Saint Louis,Drugs,No 
3039101212,Susan Phillips,7920 Frost St,San Diego,Drugs,No 
3027971087,BELOTECA INC,9920 Pacific Heights Blvd,San Diego,Drugs,Yes
3001854763,Minteq UK Limited,"Lifford Lane, Kings Norton; Bir",Birmingham,Drugs,No 
3038008631,"Elias Pintus, MD","Great Maze Pond, Swk",London,Drugs,No 
3035190510,"Prasad M., M.D.","No 242 189 48 49 Lotus Labs Pvt Ltd., 5th Floor; 1st To; Brigade Senate - 1",Bengaluru,Drugs,No 
3004021253,Apitoria Pharma Private Limited,"Unit-I, Survey No. 379, 385, 386, 388 To 396 Borpatla Village, Hathnoora Mandal",Sangareddy,Drugs,No 
3002807411,Kothari Phytochemicals International,Thanichiyam Post Office,Thanichiyam,Drugs,Yes
3028696324,"Tae Min Kim, M.D., Ph.D.","Department Of Internal Medicine, Seoul National University, 101 Daehak-Ro, Jongno-Gu",Seoul,Drugs,No 
3004972463,"Cardinal Health 414, LLC",110 Science Pkwy Ste 200,Rochester,Drugs,No 
3008250894,Raks Pharma Pvt. Limited,"62 - 63 Plot No 68, Survey No : 60; E - Bonangi Revenue Village",Visakhapatnam,Drugs,No 
3008252997,Solara Active Pharma Sciences Limited,"Plot No # 120a & B, 120p & 121, Industrial Area, Baikampady",New Mangalore,Drugs,No 
3010317053,Nipro Pharma Corporation - Kagamiishi Plant,"428, Okanochi; Kagamiishi-Machi",Iwase-Gun,Drugs,No 
3038120951,"Hanne Buciek Hove, M.D., Ph.D.","Rigshospitalet Entrance 95, Clinical Trials Unit, Blegdamsvej 58",Copenhagen O,Drugs,No 
3038192673,"Nittaya Phanuphak, MD, PhD",319 Chamchuri Square Road,Pathum Wan,Drugs,No 
3036828522,SGS France Life Sciences,90 Avenue Des Hauts De La Chaume,Saint-Benoit,Drugs,No 
3038282216,"Ecron AcuNova, Ltd.","Mobius Towers, Sjr I-Park, Epip Zone, Whitefield","Bangalore, Karnataka",Drugs,No 
3008995997,SHL Medical Assembly & Services LLC,588 Jim Moran Blvd,Deerfield Beach,Drugs,No 
3006425219,"PETNET Solutions, Inc.",529 S Jackson St,Louisville,Drugs,No 
3005705842,SOFIE Co. dba SOFIE,64 Medical Center Dr Rm B042,Morgantown,Drugs,Yes
1000115163,"Fresenius Kabi USA, LLC",2045 Cornell Ave,Melrose Park,Drugs,No 
3030225233,Bluebonnett Ethical Review IRB,4005 N Us Highway 183,Lockhart,Drugs,No 
3003411145,Cardinal Health 414 LLC,16310 Raymer St,Van Nuys,Drugs,Yes
3003428492,"Epien Medical, Inc",4225 White Bear Pkwy Ste 600,White Bear Lake,Drugs,Yes
2128693,"Schwabe North America, Inc.",825 Challenger Dr,Green Bay,Drugs,Yes
3014243475,GUERBET LLC,214 Carnegie Ctr Ste 300,Princeton,Drugs,Yes
3002535019,"CorePharma, LLC",215 Wood Ave,Middlesex,Drugs,No 
3012336575,Emnar Pharma Private Limited,Plot No 15,Visakhapatnam,Drugs,No 
3006746263,Crescent Marketing Inc.,10285 Eagle Drive,North Collins,Drugs,No 
3011967886,"RC Outsourcing, LLC",102 E Water St,Lowellville,Drugs,Yes
1413399,Beutlich Pharmaceuticals LLC,7775 S Us Highway 1 Unit H,Bunnell,Drugs,Yes
1419388,U of Illinois at Urbana-Champaign IRB,1901 S 1st St Ste A,Champaign,Drugs,No 
1828413,UP Health System Marquette IRB,850 W Baraga Ave,Marquette,Drugs,No 
3021937,Melaleuca Inc,735 W 25th St,Idaho Falls,Drugs,Yes
3009298353,Prinston Pharmaceutical Inc.,700 Atrium Dr,Somerset,Drugs,No 
2513291,"Eurofins Lancaster Laboratories, LLC",2425 New Holland Pike,Lancaster,Drugs,Yes
1000103389,Clario Inc.,1818 Market St Ste 2600,Philadelphia,Drugs,No 
3039020790,"Julia C. Dombrowski, MD, MPH",908 Jefferson St,Seattle,Drugs,No 
3010164083,"Bajaj Medical, LLC",415 W Pershing Rd,Chicago,Drugs,Yes
1042599,Chemco Corporation,4920 Nw 165th St,Miami Lakes,Drugs,Yes
1022556,Chattem Inc,1715 W 38th St,Chattanooga,Drugs,Yes
3004268965,HTO Nevada Inc. dba Kirkman,6400 Rosewood St,Lake Oswego,Drugs,Yes
3001549109,Lonza Tampa LLC,4910 Savarese Cir,Tampa,Drugs,Yes
3002917212,"ADPEN Laboratories, Inc.",11757 Central Pkwy,Jacksonville,Drugs,No 
3004591926,"Hospira, Inc.",375 N Field Dr,Lake Forest,Drugs,No 
3009381492,Prompt Praxis Laboratories LLC,150 N Fairway Dr,Vernon Hills,Drugs,Yes
1419992,Pharmichem Testing Services Inc,17501 Duvan Dr,Tinley Park,Drugs,No 
3001433984,Pfizer Inc.,10770 Science Center Dr,San Diego,Drugs,No 
3014000538,"PAI Holdings, LLC dba Pharmaceutical Associates, Inc. and dba PAI Pharma","1025 Route 202/206, Building L, Ste 100",Bridgewater,Drugs,No 
3014350907,"ZenRise Clinical Research Pvt., Ltd","Plot #201, Madinaguda",Hyderabad,Drugs,No 
3010960741,TENTAMUS INDIA PRIVATE LIMITED,"3-31/33, Plot No. 33, Part Sy. No. 123, 124, 125 & 142, Kompally, Quthbullapur",Hyderabad,Drugs,No 
3000214934,Almac Pharma Services LLC,2661 Audubon Rd,Audubon,Drugs,Yes
3025372239,"Zhejiang Huahai Pharmaceutical Technology Co., Ltd.","No. 1800 Huifengnan Road, Jiangnan Street, Linhai",Taizhou,Drugs,No 
3003444315,Aptuit (Oxford) Ltd.,111 Innovation Drive,Abingdon,Drugs,No 
3013656125,"Sionc Pharmaceuticals Private Limited, Unit II","Plot No 25 - 25a Jawaharlal Nehru Pharma City, Parawada",Visakhapatnam,Drugs,No 
3038201891,"Danny Rischin, MBBS, FRACP, MD","Peter Maccallum Cancer Centre, 305 Grattan Street",Melbourne,Drugs,No 
3008957541,Kumar Organic Products Limited,"103 - 104 Plot 94p, H.N. Pura Road; Kiadb Industrial Area",Hassan,Drugs,No 
3038011921,"Peter James Ostler, MD","Cancer Centre, Rickmansworth Road",Northwood,Drugs,Yes
3038192500,Herbert Ho Loong,"3/F, Sir YK Pao Centre for Cancer, Prince of Wales Hospital","Shatin, N.T., HKSAR",Drugs,No 
3038447166,Ja Hyeon Ku,"101 Daehak-ro, District",Jongno,Drugs,No 
3009234970,"PETNET Solutions, Inc.",480 Ray C Hunt Dr Ste A072,Charlottesville,Drugs,No 
3009751352,AbbVie Inc.,1 N Waukegan Rd,North Chicago,Drugs,No 
3001419679,Buckeye International Inc,2700 Wagner Pl,Maryland Heights,Drugs,No 
3002199759,"North American Science Associates, LLC",2540 Executive Dr,Saint Paul,Drugs,No 
3011009040,"Dr. Reddy's Laboratories, Inc.",600 College Rd E Ste 4000,Princeton,Drugs,No 
3010166828,Optimal Solutions Inc dba Brighton Laboratory,8525 Edna Ave Ste 200,Las Vegas,Drugs,Yes
3011632,Pascal Company Inc,2929 Northup Way,Bellevue,Drugs,Yes
3023433681,"Joshua M. Smith, M.D.",3910 Washington Pkwy Ste E,Idaho Falls,Drugs,No 
3009105245,"Dario D. Altamirano, DO",900 W 49th St Ste 430,Hialeah,Drugs,No 
1030186,Acme United Corporation,2280 Tanner Rd,Rocky Mount,Drugs,No 
1927156,Reliable Biopharmaceutical LLC,1945 Walton Rd,Overland,Drugs,No 
3009323645,"Beckman Research Institute, City of Hope",1500 Duarte Rd,Duarte,Drugs,Yes
2221095,Colgate-Palmolive Company,909 River Rd,Piscataway,Drugs,No 
2515782,"Sonneborn, LLC",100 Sonneborn Ln,Petrolia,Drugs,Yes
1833092,"Deaconess Hospital, Inc. IRB",120 Se 4th St,Evansville,Drugs,No 
3038508240,"Adam I. Frome, MD","Davita Clinical Research, 128 Vision Park Blvd Ste 245",Shenandoah,Drugs,Yes
3009710633,"Cardinal Health, Inc.",1950 Bentley Ct Ste 100,Glendale Heights,Drugs,Yes
3006056935,"United Laboratories Manufacturing, LLC",1541 Champion Dr,Carrollton,Drugs,Yes
2150117,"Pharmaceutical Specialties, Inc.",1620 Industrial Dr NW,Rochester,Drugs,Yes
2243252,Bayer Healthcare Pharmaceuticals Inc.,100 Bayer Blvd,Whippany,Drugs,No 
3038447132,"Gaia M. Coppock, M.D.",3400 Civic Center Blvd,Philadelphia,Drugs,No 
3008740602,Laboratoire Schmidt-Nagel Inc.,20330 Henri-Bourassa Blvd,Quebec,Drugs,No 
3038144481,Qinglong Jin,"The First Hospital Of Jilin University, No. 1 Xinmin Street",Changchun,Drugs,No 
3027976266,"Xiamen Kang Zhongyuan Biotechnology Co., Ltd.","No. 2018, 2 Jietou Road",Xiamen,Drugs,No 
3038201896,"Fiona Day, MBBS, PhD","Calvary Mater Newcastle, Edith Street",Waratah,Drugs,No 
3009389940,Genzyme Corporation,11 Forbes Rd,Northborough,Drugs,No 
3001239108,Jost Chemical Co.,8150 Lackland Rd,Saint Louis,Drugs,No 
2242843,"Janssen Pharmaceuticals, Inc",1125 Trenton Harbourton Rd,Titusville,Drugs,No 
3038281797,Seokwoo Park,"Seongnam, 82 Gumi-Ro, 173 Beon-Gil; Bundang District",Seongnam,Drugs,No 
3004086743,University Of Pittsburgh Medical Center Centralized Packaging,3175 E Carson St Rm 131,Pittsburgh,Drugs,Yes
3008177143,"Jiangxi Fushine Pharmaceutical Co., Ltd.","Chang Jiang, No. 2 Yuli; District",Jing Dezhen,Drugs,No 
3003897776,"BioMimetic Therapeutics, LLC",389 Nichol Mill Ln Ste 200,Franklin,Drugs,No 
1470238,Swedish American Health System IRB #1,1415 E State St Ste 714,Rockford,Drugs,No 
3016918144,"Ivan Nikolaev Staikov, MD, PhD","Acibadem City Clinic, Tokuda University Hospital, Bulevard Nikola Yonkov Vaptsarov 51b",Sofiya,Drugs,No 
3038474311,"Luis Hernandez-Rosado, M.D.","Innovation Medical Research Center, 9299 Sw 152nd St Suites 100 201 And 205",Palmetto Bay,Drugs,Yes
1023013,"Dee Cee Laboratories, Inc",304 Dee Cee Rd,White House,Drugs,Yes
3008660749,Sanford Health IRB,2301 E 60th St N,Sioux Falls,Drugs,No 
3014413265,Molecular PharmaGroup LLC,755 Central Ave Unit 2 Unit 4,New Providence,Drugs,Yes
3035490514,"Navaneeth Ashokkumar, MD","No. 52-2, Near Kasturba Hospital Opd Block, Ecron Acunova, Ltd",Manipal,Drugs,No 
3013570706,Derma Care Research Labs LLC,440 Fentress Blvd,Daytona Beach,Drugs,Yes
3038476397,"James R. Gossage, MD","Division Of Pulmonary, Critical Care, And Sleep Medicine Medical College Of Georgia At Augusta University, 1120 15th St",Augusta,Drugs,No 
3038414948,"Amer M. Zeidan, M.D.",333 Cedar St,New Haven,Drugs,Yes
3008585015,"Steri-Pharma, LLC",429 S West St,Syracuse,Drugs,Yes
3027511213,"Courtney Dinardo, M.D.","University Of Texas Md Anderson Cancer Center, 1515 Holcombe Blvd",Houston,Drugs,No 
1823570,Indiana University IRB,986 Indiana Ave Fl 5,Indianapolis,Drugs,No 
1928186,U of Nebraska Med Ctr,"Academic Research And Services Building, 4215 Emile St.",Omaha,Drugs,No 
2936540,Sutter Health IRB,2121 N California Blvd Ste 310,Walnut Creek,Drugs,No 
3032948549,"Upsher-Smith Laboratories, LLC",6701 Evenstad Dr N Ste 300,Maple Grove,Drugs,Yes
3005354924,"Asymchem Laboratories (Tianjin) Co., Ltd.","No. 6 Dongting 3rd Ave, Teda",Tianjin,Drugs,No 
3001859812,Abbott Laboratories Co. (Laboratoires Abbott CIE),75 Pierre-Roux Blvd E,Victoriaville,Drugs,No 
3002478693,Integrated Commercialization Solutions LLC,420 International Blvd Ste 500,Brooks,Drugs,No 
3011152407,AnazaoHealth Corporation,7465 W Sunset Rd Ste 1200,Las Vegas,Drugs,Yes
3009724085,Olympia Pharmaceuticals,6700 Conroy Rd Ste 155,Orlando,Drugs,Yes
3038191846,"Ticiana Leal, M.D.","Emory University Winship Cancer Institute, 1365 Clifton Rd Ne",Atlanta,Drugs,No 
1310054,Ruspak Packaging Corporation,5 Manhattan St,Lyons,Drugs,Yes
3036234734,"Brian Spears, M.D.","Ppd Development L.P., 7551 Metro Center Dr Ste 200",Austin,Drugs,No 
3007353245,"Cardinal Health 414, LLC",5840 F St Ste B,Omaha,Drugs,No 
2026154,"Amgen, Inc.",1 Amgen Center Dr,Thousand Oaks,Drugs,No 
2623531,Pace Analytical Inc.,Industrial Zone El Retiro Calle B And C,San German,Drugs,Yes
3006246010,SOFIE Co. dba SOFIE,5900b Obata Way,Gilroy,Drugs,Yes
3008301917,"Intersect ENT, Inc.",1555 Adams Dr,Menlo Park,Drugs,No 
3003028650,"Sumitomo Pharma Co., Ltd.","1450, Yasuzuka-Cho",Suzuka,Drugs,Yes
3035190501,"Wei Hu, M.D.","The Second Hospital Of Anhui Medical University, No. 678 Furong Road; Shushan District",Hefei,Drugs,No 
3008465739,"Jiangxi Synergy Pharmaceutical, Co., Ltd.","Jiangxi Fengxin Industrial Park, 699 Changle Avenue",Yichun,Drugs,No 
3012491443,Southern Sales & Services Inc.,20956 Sheridan St,Fort Lauderdale,Drugs,Yes
1033510,"Ajinomoto Health & Nutrition North America, Inc.",4020 Ajinomoto Dr,Raleigh,Drugs,No 
3020810769,PetNet Solutions Inc,555 Bonnie Ln,Elk Grove Village,Drugs,No 
3006430539,"Barbara K. Burton, M.D.",155 E Superior St Fl 3,Chicago,Drugs,No 
3017140511,"LGM Pharma Solutions, LLC.",1000 Cole Ave,Rosenberg,Drugs,Yes
1721635,Avera IRB,5300 S Broadband Ln,Sioux Falls,Drugs,No 
3007923338,"Abon Pharmaceuticals, LLC",100 Red Schoolhouse Rd Bldg B,Chestnut Ridge,Drugs,No 
3000310173,"University of California, Davis IRB","University Of California, 1 Shields Ave Fl 4",Davis,Drugs,No 
3021503,Magno-Humphries Inc.,8800 Sw Commercial St,Tigard,Drugs,Yes
3008694072,"Winder Laboratories, LLC",716 Patrick Industrial Ln,Winder,Drugs,Yes
3003406963,"Helget Gas Products, Inc.",1151 N Ellis St,Bensenville,Drugs,Yes
3038447171,"Michal P. Kretkowski, M.D.","Clinical Research Center Sp. Z O.o. Medic-r Sp.k., Ul. Feliksa Nowowiejskiego 5",Poznan,Drugs,No 
3005051865,"PE Packaging, LLC dba Prime Packaging",9165 Nw 101st St,Medley,Drugs,Yes
3004069780,"Ryder Integrated Logistics, Inc.",1361 Anthony Rd,Burlington,Drugs,No 
1017687,PAI Holdings LLC,1700 Perimeter Rd,Greenville,Drugs,No 
2210783,Bestco LLC,288 Mazeppa Rd,Mooresville,Drugs,Yes
1220477,"Isomedix Operations, Inc.",435 Whitney St,Northborough,Drugs,No 
3017408465,"Carlos Bacino, M.D.","Texas Children'S Hospital, 6701 Fannin St Ste 1560",Houston,Drugs,No 
3011596846,"Surmasis Pharmaceutical, LLC",4020 Gannett Ave,Des Moines,Drugs,Yes
3003719240,RedPharm Drug Inc,6501 City West Pkwy,Eden Prairie,Drugs,Yes
3003923970,Aspirus Wausau Hospital IRB,333 Pine Ridge Blvd,Wausau,Drugs,No 
3038166848,"Hummayun Ismail, M.D.","Delaware Medical Care Associates Llc, 550 Stanton Christiana Rd Ste 103",Newark,Drugs,Yes
3002644678,Elite Laboratories Inc.,165 Ludlow Ave,Northvale,Drugs,No 
3000225055,Juzen Chemical Corporation,"1-10, Kiba-Machi",Toyama,Drugs,No 
3003089536,"Daiichi Sankyo, Inc.",211 Mount Airy Rd,Basking Ridge,Drugs,Yes
3009827154,"Eurofins BioPharma Product Testing ENCO, LLC",102 Woodwinds Industrial Ct Ste E,Cary,Drugs,No 
3002538562,Trillium Health Care Products Inc.,"2337 Parkedale Ave, Po Box 1030 Lcd Main",Brockville,Drugs,No 
3005178749,"Hubei Haosun Pharmaceutical Co., Ltd.","Gedian Economic & Technology, No. 20 Juxian Road; Gedian Development Zone",Ezhou,Drugs,No 
3007119522,"Nova Pneuma, Inc.",6550 Dumbarton Cir Ste A,Fremont,Drugs,No 
3006763261,Torrent Pharmaceuticals Limited,"Jawaharlal Nehru Pharma City, 37 - 46 Plot No 77; Survey Nos 36; Parawada Mandal",Visakhapatnam,Drugs,No 
3015665736,"SUNJIN BEAUTY SCIENCE CO., LTD","11 Janghangsandanbuk-Ro, Janghang-Eup",Seocheon County,Drugs,No 
3009412964,Mithra Biotechnology Inc,"Xizhi District, 7 F; No 104 Xintai 5th Rd., Sec. 2; Xizhi Dist.",New Taipei City,Drugs,No 
3003099089,"Cardinal Health 414, LLC",5601 Powerline Rd Ste 108,Fort Lauderdale,Drugs,Yes
3003782237,Human Genome Sciences Inc,9910 Belward Campus Dr,Rockville,Drugs,No 
3005209462,"Supernus Pharmaceuticals, Inc.",9715 Key West Ave,Rockville,Drugs,No 
2018076,Veranova LP,25 Patton Rd,Devens,Drugs,No 
1824624,Aurorium LLC,215 N Centennial St,Zeeland,Drugs,No 
3009211584,"UNIVERSITY OF CALIFORNIA, LOS ANGELES",780 Westwood Plz,Los Angeles,Drugs,Yes
3002864704,Omega Biological Laboratories Inc.,56 Park Ave,Lyndhurst,Drugs,Yes
3002906944,Apotex Inc.,150 Signet Dr,North York,Drugs,No 
3030623661,"Li Peng, Ph.D.","The Fourth Hospital Of Hebei Medical University, Hebei Tumor Hospital ; Jiankang Road; Changan District",Shijiazhuang,Drugs,No 
3017898493,"Inti Fernandez, M.D.","Valencia Medical & Research Center, Corp., 901 Sw 87th Ave Ste A",Miami,Drugs,No 
3016799712,Novo Nordisk Pharmaceutical Industries LP,5235 International Dr,Durham,Drugs,No 
1220700,"Strem Chemicals, Incorporated",7 Mulliken Way,Newburyport,Drugs,No 
1219540,"Tower Laboratories, Ltd.",8 Industrial Park Rd,Centerbrook,Drugs,Yes
1317628,Bausch & Lomb Incorporated,1400 N Goodman St,Rochester,Drugs,No 
2082658,Scripps IRB,4555 Executive Dr,San Diego,Drugs,No 
3038413819,"Gail J. Roboz, M.D.","Weill Cornell Medical College, Belfer Building, 413 E 69th St",New York,Drugs,No 
3005274476,"Omega Tech Labs, Inc.",5858 W Franklin Rd,Boise,Drugs,Yes
1022037,NCS Healthcare of Kentucky Inc,120 Carroll Knicely Dr,Glasgow,Drugs,No 
3038623350,"Monica  A. Perez, PT, PhD",355 E Erie St Shirley Ryan Ability Lab,Chicago,Drugs,No 
3038167427,"Lawrence Ginsberg, M.D.","17115 Red Oak Dr Ste 109, Red Oak Psychiatry Associates",Houston,Drugs,Yes
1000138346,"Helget Gas Products, Inc.",4150 S 87th St,Omaha,Drugs,No 
3017888878,Specialty Process Labs LLC,2001 W Lone Cactus Dr Ste B,Phoenix,Drugs,No 
3001610451,"Janssen Biotech, Inc.",200 Great Valley Pkwy,Malvern,Drugs,No 
3006560887,Chirogate International Inc.,"Youth Industrial Park, No.10, Aly. 98, Ln. 800, Zhongshan S. Rd, No. 2 Shi 4th Rd.; Yangmei Dist.",Taoyuan City,Drugs,No 
3036234554,"Justyna A. Hryniewicz, M.D.","Neurologiczny Nzoz Centrum Leczenia Sm Osrodek Badan Klinicznych Im.Dr N. Med Hanki Hertmanowskiej, Ul. Fabianowska 40",Komorniki,Drugs,No 
1036356,DOH Central Pharmacy,104 Hamilton Park Dr Ste 3,Tallahassee,Drugs,Yes
3038244735,"Tasha Boone, MD","Clinovacare Medical Research And Healthcare Center/Biocentric Healthcare Research, 160 Medical Cir Ste D",West Columbia,Drugs,Yes
1317439,"Montgomery County Chapter Nysarc, Inc.",43 Liberty Dr,Amsterdam,Drugs,Yes
1000139876,"Spectral Data Services, Inc.",818 Pioneer St,Champaign,Drugs,Yes
3018301372,"Laura A. Kooienga, M.D.",919 Jasmine St,Denver,Drugs,No 
3010478924,BioPharmaDev Inc,370 W Grand Blvd Ste 110,Corona,Drugs,No 
3010166838,ProSolus Inc,6701 Nw 7th St Ste 165,Miami,Drugs,Yes
3004977184,Sofie Co dba Sofie,100 Executive Dr Unit 7,Sterling,Drugs,Yes
1220785,"Avista Pharma Solutions, Inc.",104 Gold St,Agawam,Drugs,Yes
1611206,Pharma Nobis LLC,7400 Alumax Rd,Texarkana,Drugs,No 
1850039,"Labcorp Early Development Laboratories, Inc.",671 S Meridian Rd,Greenfield,Drugs,Yes
3005268188,"Steven G. Hull, M.D.","Dr. Vince Clinical Research, 7401 W 91st St",Overland Park,Drugs,No 
3012971227,"Nitto Avecia Pharma Services, Inc.",10 Vanderbilt,Irvine,Drugs,No 
2126201,UW - Madison Health Sciences IRB,800 University Bay Dr Ste 105,Madison,Drugs,Yes
3014483112,IntegraDose Compounding Services LLC,3650 Victoria St N Ste 900,Shoreview,Drugs,Yes
3004698222,Colgate-Palmolive India Ltd.,"Hiranandani Gardens, Main Street",Mumbai,Drugs,Yes
3011602583,"Micro Labs, Limited","58/3 Sigasandra Post, Micro Advanced Research Centre; Anekal Taluk",Bengaluru,Drugs,No 
3030623657,"Jihui Hao, PhD.","Tianjin Medical University Cancer Institute And Hospital, West Huanhu Road ; Ti Yuan North; Hexi District",Tianjin,Drugs,No 
3034651296,Jinhai Zhu,"No. 287 Changhuai Road, Longzihu",Bengbu,Drugs,No 
3008570026,Watson Pharma Private Ltd.,"Seawoods Grand Central, Tower 2, Level 10 & 11, Plot R1, Sector 40, Nerul",Navi Mumbai,Drugs,No 
3015602595,"Martin Neil Reaume, MD","The Ottawa Hospital Cancer Centre, 501 Smyth Rd",Ottawa,Drugs,No 
3011971984,Alkali Metals Limited,"Plots 36, 37 & 38 J N Pharma City; Thanam Village",Visakhapatnam,Drugs,No 
3012217889,"fmg Co., Ltd.",72 Toegyegongdan-Gil,Chuncheon,Drugs,Yes
3033307107,"Wojciech R. Homenda, MD, PhD",Ul. Hubalczykow 1,Slupsk,Drugs,No 
3012841169,Havix Group Inc,9488 Jackson Trail Rd Ste A,Hoschton,Drugs,Yes
3013632692,"Guangdong Comfort Medical Products Co., Ltd.","A26 Three District, Jiangmen Industrial Transfer Industrial Park Enping District",Enping,Drugs,No 
3036194994,"Shanghai Henlius Biotech, Inc.","Building B8 F 10, No. 188 Yuzhou Road; Xuhui District",Shanghai,Drugs,No 
3011575684,"Entasis Therapeutics Holdings, Inc.",930 Winter St Ste 1500,Waltham,Drugs,No 
1311494,"Arch Chemicals, Inc.",100 McKee Rd,Rochester,Drugs,No 
3009633124,Florida Suncare Testing Inc.,101 N Bay St,Bunnell,Drugs,Yes
1472987,Northwestern Memorial Healthcare dba Central Dupage Hospital IRB,25 N Winfield Rd,Winfield,Drugs,No 
3035779939,"Craig A. Dietz, D.O.","Kc Care Health Center, 3515 Broadway Blvd",Kansas City,Drugs,No 
2020640,"North American Science Associates, LLC",9 Morgan,Irvine,Drugs,Yes
3005094136,"Biochem Laboratory, Inc.",56 Park Ave,Lyndhurst,Drugs,Yes
3005947301,UCSF Radiopharmaceutical Facility,185 Berry St Ste 350,San Francisco,Drugs,Yes
1000533113,"Lead Chemical Co., Ltd.","77-3, Himata",Toyama,Drugs,Yes
3010165762,Capzer Pharmaceuticals,3677 23rd Ave S Ste A108,Lake Worth Beach,Drugs,Yes
1000122754,Accupack Midwest Inc,1060 Meta Dr,Cincinnati,Drugs,No 
2027711,"Shine & Pretty (USA), Corp.",456 Constitution Ave,Camarillo,Drugs,Yes
2245519,Just Packaging Inc.,450 Oak Tree Ave,South Plainfield,Drugs,No 
3038122518,"Paul Schulz, M.D.",1941 East Rd Ste 4358,Houston,Drugs,Yes
3011125228,"North American Science Associates, LLC",2520 Pilot Knob Rd,Saint Paul,Drugs,No 
3010721419,Ajanta Pharma USA Inc,400 Crossing Blvd Ste 102,Bridgewater,Drugs,Yes
3038446467,"Edgar Gonzalez, M.D.","South Miami Medical & Research Group, Inc., 7400 Sw 50th Ter Ste 201",Miami,Drugs,No 
3014026025,"Auro Packaging, LLC",203 Windsor Center Dr,East Windsor,Drugs,No 
3002996053,Heartland Regional Med Center IRB,5325 Faraon St,Saint Joseph,Drugs,No 
2245437,"E-Beam Services, Inc.",118 Melrich Rd,Cranbury,Drugs,No 
3006576330,FOCUS Scientific Services Inc.,894 Marcon Blvd Ste 150,Allentown,Drugs,No 
1000221204,"Criner,Gerard J Md",3401 N Broad St,Philadelphia,Drugs,No 
3007184570,"Bora Pharmaceuticals Laboratories, Inc","Hsinchu Science Park, No. 1 Kedong 3rd Rd.; Zhunan Township",Miaoli County,Drugs,No 
3024609429,Veganic SKN Limited,U 3 81 Shettleston Street,Rocklea,Drugs,No 
3025978151,Antaria Pty. Ltd.,"Units 1 & 2, 81 Shettleston Street",Rocklea,Drugs,No 
3035777013,"Mark L. Freedman, M.D.","Pharma Medica Research Inc., 4770 Sheppard Ave E",Toronto,Drugs,No 
3038201368,"Simon C. Abelson, M.D.","Advanced Pharma Clinical Research, Llc., 2950 Nw 83rd St",Miami,Drugs,No 
3032144832,GenoGenix  LLC,2840 Nw 2nd Ave Ste 204,Boca Raton,Drugs,No 
3000718406,"Otsuka Pharmaceutical Development & Commercialization, Inc",2440 Research Blvd,Rockville,Drugs,No 
3038220055,"Amir T. Fathi, M.D.","Massachusetts General Hospital, 55 Fruit St",Boston,Drugs,No 
1470158,University of Chicago Biological Sciences Division IRB,5841 S Maryland Ave # I-625,Chicago,Drugs,No 
3038560127,"Mark J. Hamblin, MD","University Of Kansas School Of Medicine, 3901 Rainbow Blvd",Kansas City,Drugs,No 
3038166801,"Dusica Babovic-Vuksanovic, M.D.","Mayo Clinic, 200 1st St Sw",Rochester,Drugs,No 
2310314,Louisiana State University Health Sciences Center-Shreveport IRB,1501 Kings Hwy,Shreveport,Drugs,No 
2914117,"Pacific BioLabs, Inc.",551 Linus Pauling Dr,Hercules,Drugs,No 
3015209331,Clians Labs Private Limited,"A Plot No : 38, 3rd & 4th Floors; Vibrant Center",Hyderabad,Drugs,No 
1000291174,Fulijaya Manufacturing SDN. BHD.,"Makmur Industrial Estate, 30 Lorong Makmur 13/1",Kulim,Drugs,Yes
3009607669,"CIMBAR PERFORMANCE MINERALS, INC.",1501 Old Federal Rd N,Chatsworth,Drugs,No 
3005124764,Lambda Therapeutic Research Ltd.,"388 Plot No 38, Sarkhej Gandhi Nagar Highway; Survey No, Near Silver Oak Club",Ahmedabad,Drugs,No 
3034653272,"Yu Ren, M.D., Ph.D.","No. 277 Yanta West Road, Xi An Southeast Of The Cross Between Qianjin West Road And Yingbin North Road, Yanliang Dis",Xian,Drugs,No 
3002806335,Ajinomoto Co. Inc (Kyushu Plant),"Ajinomoto (Kabu) Kyushukojo, Morodomicho 450;     Morodomichooazamorodomitsu;    Morodomichooazamorodomitsu;   Morodomichooazamorodomitsu",Saga,Drugs,No 
3003282622,Daiichi Sankyo Europe GmbH,Luitpold Str. 1,Pfaffenhofen A.D.Ilm,Drugs,Yes
3003937607,Actavis Laboratories FL Inc.,2945 W Corporate Lakes Blvd Ste B,Weston,Drugs,No 
3009486864,"Jinhua Jingdi Medical Supplies Co., Ltd.","88 Innovation Road, Xiaoshun, Jindong",Jinhua,Drugs,No 
3007627683,Sun Pharmaceutical Industries Limited- Madhuranthagam,"Sathammai Village, Karunguzhi Post, Madurantakam Tk",Kanchipuram,Drugs,No 
3012414462,Dr. Reddy's Laboratories Limited,"28 32 33 34 39 Fto - 11, Survey No 30; 31 Apiic Industrial Park",Pydibhimavaram,Drugs,No 
3033982037,Anna G. Rowinska-Ousch,"Ul. Wynalazek 4, Floor 3",Warsaw,Drugs,No 
3009250196,Patcos Cosmetics (India) Private Limited,659 Kevdi Falia Road,Daman,Drugs,No 
1022245,ISP Chemicals LLC,455 N Main St,Calvert City,Drugs,No 
3038167479,"Kenolisa C. Onwueme, M.D.",804 Landmark Dr Ste 118,Glen Burnie,Drugs,No 
1211201,Pharmaron Manufacturing Services (US) LLC,498 Washington St,Coventry,Drugs,No 
3016589167,MAYNE PHARMA LLC,3301 Benson Dr Ste 401,Raleigh,Drugs,No 
3032502365,Phoenix Childrens Hospital IRB,1919 E Thomas Rd,Phoenix,Drugs,No 
3010365639,"Axia Medical Solutions, LLC",2105 Camino Vida Roble Ste L,Carlsbad,Drugs,Yes
2214752,Laboratory Service Inc.,85 Lafayette St,Carteret,Drugs,No 
3012208691,Ultragenyx Pharmaceutical Inc.,60 Leveroni Ct,Novato,Drugs,No 
3001451366,ThermoFisher Scientific  dba Patheon Softgels Inc.,4125 Premier Dr,High Point,Drugs,Yes
3009107538,Lupin Limited,"Plot No M - 1, Unit - 3; Apparel Park; And M - 3 - A",Pithampur,Drugs,Yes
3019154547,"Martha L. Arellano, M.D.","Winship Cancer Institute Of Emory University, 1365 Clifton Rd Ne Ste 1152c",Atlanta,Drugs,No 
1219145,"Associates of Cape Cod, Inc.",124 Bernard E Saint Jean,East Falmouth,Drugs,No 
1831691,"DSC Laboratories, Inc.",1979 Latimer Dr,Muskegon,Drugs,Yes
1825380,Trinity Health Michigan Regional IRB #4,44405 Woodward Ave # H23,Pontiac,Drugs,No 
3003315742,"International Packaging, Inc.",8921 Wyoming Ave N,Brooklyn Park,Drugs,Yes
3010166238,Quantum Analytics Group Inc.,11 Deerpark Dr Ste 104,Monmouth Junction,Drugs,No 
3012369470,"MD Pharmaceutical Supply, LLC",210 Poplar St Ste B,Hanover,Drugs,No 
3015234538,"Zhejiang Clairvoyant Pharmaceutical Technology Co., Ltd.","6th-7th Floor, Building 16, Phase 3, (Heda Pharmaceutical Valley); Qiantang District Hangzhou Pharmaceutical Port Town",Hangzhou,Drugs,No 
3005949964,"Catalent Indiana, LLC",1300 S Patterson Dr,Bloomington,Drugs,No 
3024580094,Reliable Healthcare Logistics,951 Clint Moore Rd Ste A,Boca Raton,Drugs,Yes
3023151029,"Vishal A. Patel, MD","The George Washington University, 2150 Pennsylvania Ave Nw",Washington,Drugs,No 
1419181,"Sage Products, LLC",3909 3 Oaks Rd,Cary,Drugs,Yes
3011568555,"PETNET Solutions, Inc.",11175 Campus St Ste C1037,Loma Linda,Drugs,No 
3035932426,"Christy Boraas, M.D.",1200 Lagoon Ave,Minneapolis,Drugs,No 
3027221810,"Inna N. Yuryev-Golger, M.D.",2409 Ocean Ave Ste 1f,Brooklyn,Drugs,No 
1000523173,Sun Deep Inc.,31285 San Clemente St # B,Hayward,Drugs,Yes
3016783134,"Kangna (Zhejiang) Medical Supplies Co., Ltd.","No. 837 North Huangcheng Road, Fuxi Street, Deqing County",Hangzhou,Drugs,No 
3008742780,"Hisamitsu Pharmaceutical Co., Inc.","Kiyohara 23-8, Kiyoharakogyodanchi",Utsunomiya,Drugs,Yes
3034653410,"Jin Zhang, MD, PhD","Tiyu North, Huanhu West Road; Hexi District",Tianjin,Drugs,No 
3004072297,"Zhejiang Xianju Junye Pharmaceutical Co., Ltd.","Modern Industrial, No. 1 Lingxiu Road; Xianjuxian",Taizhou,Drugs,No 
3005619533,"Sumitomo Dainippon Pharma Co., Ltd.","2200, Oazatsurusaki",Oita,Drugs,Yes
3002806719,Sterling Pharma Solutions Ltd.,Dudley Lane,Cramlington,Drugs,No 
3005782924,Anjan Drug Private Limited,"Plot Nos 109 110 115 & 116, Sidco Pharmaceutical Industrial Estate, Old Mahabalipuram Road",Alathur,Drugs,No 
3003808559,"Otsuka Pharmaceutical Co., Ltd.","5006-5, Omagari; Yoshinogari-Cho",Kanzaki-Gun,Drugs,No 
3009957429,"Zhejiang Fonow Medicine Co., Ltd",209 West Hulian Road,Dongyang,Drugs,No 
3006188375,Laboratorios Leon Farma SA,Poligono Industrial Navatejera,Calle La Vallina,Drugs,No 
3008674424,"Morning Star OTC, Inc.",145 S Anderson St,Los Angeles,Drugs,Yes
3006646024,"Avent, Inc.",6620 S Memorial Pl Ste 100,Tucson,Drugs,No 
3017366969,Little Moon Essentials LLC,501 Old Griffin Rd,Dania Beach,Drugs,Yes
3002807324,"Spera Nexus, Inc.","1700, Hamagawashinden",Kakegawa,Drugs,No 
3005391759,Pharmalogic South Carolina LLC,1185 Woods Chapel Rd,Duncan,Drugs,No 
3015940282,Long Grove Pharmaceuticals LLC,9450 Bryn Mawr Ave Ste 200,Rosemont,Drugs,No 
1626858,Saint Francis Health System Research Ethics Board,6161 S Yale Ave,Tulsa,Drugs,No 
3012393779,"Najafi Pharma, Inc.",1000 Atlantic Ave Ste 110,Alameda,Drugs,Yes
3021615345,Delta Labs of South Florida Corp,9401 Nw 106th St Ste 101,Medley,Drugs,Yes
3008455069,Bristol-Myers Squibb Company,38 Jackson Rd,Devens,Drugs,No 
3007481323,"CosMedical Technologies, LLC",3961 Sw 47th Ave,Davie,Drugs,Yes
1000266995,"Hisamitsu Pharmaceutical Co., Inc.","408, Tashirodaikan-Machi",Tosu,Drugs,Yes
3036653843,"Giuseppe Simone, M.D., Ph.D.","Irccs Istituto Nazionale Tumori Regina, Via Elio Chianesi 53",Rome,Drugs,No 
3002806761,Gedeon Richter Nyrt.,Gyomroi Ut 19-21,Budapest,Drugs,No 
3002806758,"Chugai Pharma Manufacturing Co., Ltd.","2500, Takayanagi",Fujieda,Drugs,No 
3002807731,"Nippon Rika Co., Ltd.","610, Yanada-Cho",Ashikaga,Drugs,No 
3003310718,Alchem International Ltd.,"25/2 Mathura Road, Ballabgarh, Village Kaili",Faridabad,Drugs,No 
3003597293,Par Active Technologies Private Limited,16 17 31 & 32 - Sidco Pharm Complex,Alathur,Drugs,No 
3006676534,"LiquidCapsule Manufacturing, LLC",9216 Palm River Rd Ste 203,Tampa,Drugs,Yes
3011795391,"Avista Pharma Solutions, Inc. dba Cambrex",3501 Tricenter Blvd Ste C,Durham,Drugs,No 
3013161391,"Syed O. Ali, M.D.",4533 Vesper Ave,Sherman Oaks,Drugs,Yes
3036871012,"Exeltis Pharmaceuticals, Inc.","Organize Sanayi Bolgesi, Gaziosmanpasa, Fatih Bulvari No: 19/2, Cerkezkoy District, Tekirdag",Tekirdag,Drugs,No 
3003434972,"Wedgewood Connect, LLC",17 Great Oaks Blvd,San Jose,Drugs,Yes
3038264531,"Richard Hwang, MD","Vision Research Institute, 1700 Curie Dr Ste 3600",El Paso,Drugs,Yes
3002587812,"Helget Gas Products, Inc.",13534 Nw Industrial Dr,Bridgeton,Drugs,No 
2243240,Newark Beth Israel Med Ctr IRB,201 Lyons Ave,Newark,Drugs,No 
3030520127,Community Home Medical Inc.,1814 N Lincoln Rd,Escanaba,Drugs,Yes
3016465959,ICON Plc,"South County Business Park, Leopardstown",Dublin,Drugs,No 
3036796775,Katarzyna Kotulska-Jozwiak,"Instytut Pomnik-Centrum Zdrowia Dziecka Oddzial Neurologii I Epileptologii, Aleja Dzieci Polskich 20",Warsaw,Drugs,No 
3006786767,Cardinal Health 414 LLC,131 Hartland St Ste B,East Hartford,Drugs,Yes
3002808135,"Shionogi Pharma Co., Ltd.","Moriyama 7, Nishine; Kanegasaki-Cho",Isawa-Gun,Drugs,Yes
2020478,"Silliker, Inc.",6360 Gateway Dr,Cypress,Drugs,Yes
3008275696,Unipack LLC,111 Coolidge St,South Plainfield,Drugs,No 
2529000,St. Luke's University Health Network IRB,801 Ostrum St,Bethlehem,Drugs,No 
3010087769,Ingredion Incorporated,6400 S Archer Rd Bldg 66,Bedford Park,Drugs,No 
3030548360,"BSO, LLC",741 Corporate Cir Ste A-H,Golden,Drugs,Yes
3005398687,University of Iowa RDRC,"600 Newton Road, 105a",Iowa City,Drugs,Yes
3012343176,"ZebraSci,  Inc.",27973 Diaz Rd,Temecula,Drugs,No 
3009081371,"Delicate Cosmetics, Inc.",10741 Sherman Way Unit 2,Sun Valley,Drugs,Yes
3003567870,"David L. Wirta, M.D.","Eye Research Foundation, 520 Superior Ave Ste 235",Newport Beach,Drugs,No 
3007575477,"Petnet Solutions, Inc.",2021 6th St Se,Minneapolis,Drugs,No 
3017920772,KURA ONCOLOGY INC,12730 High Bluff Dr Ste 400,San Diego,Drugs,No 
3005280525,Sri Krishna Pharmaceuticals Limited,"Unit Ii, Plot No:A-34,A-35, Ida Nacharam, Uppal (M), Medchal-Malkajgiri District",Hyderabad,Drugs,Yes
3014967155,"Hangzhou Caring Cleaning Commodity Co., Ltd","Bld A, 416, Dongtouxinyue Industrial Park, Street No.2, Qiangtang District",Hangzhou,Drugs,No 
3006895831,"Xinyu Pharmaceutical Co., Ltd.","158 Jintai 5th Rd, Economic Development",Suzhou,Drugs,No 
3035350281,Gloria Lopez Sobrino,Paseo De La Castellana 261,Madrid,Drugs,No 
3002744909,"Procter & Gamble Manufacturing Mexico, S. de R.L. de C.V.","San Andres Atoto No. 326, Colonia San Francisco Cuautlalpan",Naucalpan,Drugs,Yes
3004310658,"Nippon Protein Co., Ltd. Ashikaga Plant","575-1, Shimada-Cho",Ashikaga,Drugs,No 
3002807805,"Ono Pharmaceutical Co., Ltd.","5221-1, Kitayama",Fujinomiya,Drugs,No 
3023816792,"Monika Tomaszewska-Kiecana, M.D.","Biokinetica S.A., Ul. Nadwislanska 37",Jozefow,Drugs,No 
1310344,"US Salt, LLC",3580 County Road 30,Watkins Glen,Drugs,No 
3003411150,"Cardinal Health 414, LLC",795 Via Lata,Colton,Drugs,No 
2129284,"Rockline Industries, Inc",1113 Maryland Ave,Sheboygan,Drugs,No 
3016483191,"Keila Hoover, M.D.",6850 Coral Way Fl 4,Miami,Drugs,No 
3014534,HF Acquisition Co LLC,11629 49th Pl W,Mukilteo,Drugs,Yes
3008013027,"Neal D. Shore, M.D.",823 82nd Pkwy Ste B,Myrtle Beach,Drugs,No 
3021279130,Toxicon AB,Rosenhallsvagen 29,Harslov,Drugs,No 
3038166836,"Marcia R. Cruz-Correa, M.D., PhD","Pan American Center For Oncology Trials Dba Panoncology Trials, Llc., Hospital Oncologico - Puerto Rico Medical Center Second Floor, Barrio Monacillos",Rio Piedras,Drugs,Yes
2210396,Novartis Pharmaceuticals Corporation,1 Health Plz,East Hanover,Drugs,No 
3014615000,SMS Pharmaceuticals Limited,"Central Laboratory Analytical Services Building No 2, First Floor, Survey No 186 189 190, Gagillapur (V), Medchal-Malkajgiri",Hyderabad,Drugs,No 
3035777011,"Atul Manohar Gurav, MBBS","395 Nos 9 - 14, Clinical Pharmacology Unit; Hosur Road; Anekal Taluk",Bengaluru,Drugs,No 
3016446655,"Maria Mazurkiewicz-Beldzinska, M.D. PhD","Uniwersyteckie Centrum Kliniczne, Klinika Neurologii Rozwojowej, Ulica Debinki 7",Gdansk,Drugs,No 
3013103530,Instituto Pedro Nunes - Associacao para a Inovacao e Desenvolvimento em Ciencia e Tecnologia,Rua Pedro Nunes,Coimbra,Drugs,Yes
1000158477,Chemisphere Corporation,2101 Clifton Ave,Saint Louis,Drugs,No 
3013879628,Stony Brook University RDRC #160,Memorial Library. 5th Floor,Stony Brook,Drugs,No 
3001452915,International Paper Company,33 Phoenix Dr,West Deptford,Drugs,No 
3014164694,"Suzhou Union Biopharm Co., Ltd.","Wujiang Economic And Technological Development, 999 Longqiao Road; Songlingzhen Wujiang",Suzhou,Drugs,No 
1122508,Mary Washington Hospital IRB,1001 Sam Perry Blvd,Fredericksburg,Drugs,No 
3015274499,Private Label Skin Care,8200 Remmet Ave,Canoga Park,Drugs,Yes
3023328434,Dimensional Packaging LLC,110 N Park Dr,Cannon Falls,Drugs,No 
3034996399,Meral Kayikcioglu,Department Of Cardiology Bornova,Izmir,Drugs,No 
3035973007,Gustavo Adolfo De Luiz Martinez,Avda. De Los Argonautas S/N,Benalmadena,Drugs,No 
3013392315,"James Foran, M.D.","Mayo Clinic, 4500 San Pablo Rd S",Jacksonville,Drugs,Yes
3005057567,Analytical Food Laboratories Inc.,860 Greenview Dr,Grand Prairie,Drugs,Yes
3038166798,"Shaji K. Kumar, M.D.","Mayo Clinic, 200 1st St Sw",Rochester,Drugs,Yes
3006187357,"Element Materials Technology Bend, LLC",63020 Lower Meadow Dr Ste 3,Bend,Drugs,Yes
3002808083,MSD International GmbH (Singapore Branch),50 Tuas West Drive,Singapore,Drugs,No 
3036578618,"Christian Keicher, M.D.","Charite Research Organisation Gmbh, Charite Platz 1",Berlin,Drugs,No 
3035436032,"Vivek Urekar, M.D.","Centaur House, 6th Floor; 5th And; Pipe Line Road, Near Hotel Grand Hyatt",Mumbai,Drugs,No 
3008910148,"PETNET Solutions, Inc.",6140 Bristol Pkwy,Culver City,Drugs,No 
1000505976,Arevipharma GmbH,Meisner Str. 35,Radebeul,Drugs,No 
3013200240,Eurofins Biopharma Product Testing India Private Ltd.,"Plot No. 21-22, Phase 2, Peenya Industrial Area",Bengaluru,Drugs,No 
3036652449,"Deepak Kumar G Langade, M.D.","Plot No D - 334, Anazeal Analyticals And Research Pvt.; Ltd.",Navi Mumbai,Drugs,No 
3003723146,Granules India Limited,"H. No.: 6-5 & 6-11, Temple Road, Bonthapally Village, Gummadidala Mandal",Sangareddy District,Drugs,No 
3012234942,Maithri Drugs Private Limited,"Sy. No. 205, 222 To 226, Ida Bonthapally, Bonthapally (Village), Gummadidala (Mandal)",Sangareddy District,Drugs,No 
3004373180,Unichem Laboratories Ltd,"Plot No 99, MIDC Area, Roha",District Raigad,Drugs,No 
3005202761,Norgine Limited,"7 Tir-Y Berth Industrial Estate, New Road",Hengoed,Drugs,Yes
3013604050,"Michael Schenker, M.D.","Centrul De Oncologie, Sf Nectarie, Strada Caracal 109",Craiova,Drugs,No 
3035972529,Marjolein E. Cornet,"Alrijne Ziekenhuis, Simon Smitweg 1",Leiderdorp,Drugs,No 
3036833563,"Lucyna Horodecka-Wardega, MD",Pl. Lasoty 4,Cracow,Drugs,No 
3034422516,"Bharat Ratanlal Jain, MBBS","339 - C Dhanwantri Hospital, Mudaliar Road",Pune,Drugs,No 
3004540906,NATCO Pharma Limited,"Pharma Division, Kothur Village",Rangareddy,Drugs,Yes
3037409571,"Rosalia Y. Alvarez, M.D.","G And C Research Group, 1401 E 4th Ave Ste 201",Hialeah,Drugs,No 
1210513,"Sheffield Pharmaceuticals, LLC",170 Broad St,New London,Drugs,Yes
3030430442,"Alton Joseph Walters, M.D.",1815 E Lake Mead Blvd Ste 307,North Las Vegas,Drugs,No 
2123499,"Bell Pharmaceuticals, Inc",200 W Beaver St,Belle Plaine,Drugs,Yes
3004305946,Beacon Promotions Inc,980 Aldrin Dr,Eagan,Drugs,Yes
2246553,"J. Knipper and Company, Inc.",1 Healthcare Way,Lakewood,Drugs,No 
3003850582,"TPM Laboratories, Inc.",1165 Marlkress Rd Ste D,Cherry Hill,Drugs,No 
3003836868,"Pfizer, Inc.",400 Webro Rd,Parsippany,Drugs,No 
3008436464,"Xttrium Laboratories, Inc.",1200 E Business Center Dr,Mount Prospect,Drugs,No 
1000266395,Po Sum On Medicine Factory Limited,"11-13/Fl., Po Chai Indl. Bldg.; 28 Wong Chuk Hang Road",Aberdeen,Drugs,Yes
3036167393,"Aamirraza Mansuri, MBBS","Ltd Vedant Complex And 3rd, 4th Floor; Sg Highway",Ahmedabad,Drugs,No 
3014531850,Agilent Technologies Inc,7051 Eagle Blvd,Frederick,Drugs,No 
3012275336,Seaway Pharma Inc.,5 County Route 42,Massena,Drugs,Yes
3036830170,"Tejinder Glamour, M.D.",6225 66th St N,Pinellas Park,Drugs,Yes
3004810250,"Otsuka Pharmaceutical Co., Ltd.","Azaotsubo 2, Koniu; Naka-Cho",Naka-Gun,Drugs,Yes
3007621329,Zydus Lifesciences Limited,"Plot 1a, 8a Pharmez Special Economic Zone; Sarkhej-Bavla N H No",Matoda,Drugs,No 
3021126308,"Christina L. Feser, DO",1035 N Highland Ave,Murfreesboro,Drugs,No 
3000215566,HPC Ventures dba HPC Global,14 Industrial Dr,Hanover,Drugs,Yes
3009862165,"Grant Industries,  Inc.",98 Main Ave,Elmwood Park,Drugs,Yes
3010437486,Bakul Aromatics and Chemicals Private Limited,"A/6 Midc Patalganga Industrial Area, Kaire District",Raigad,Drugs,No 
1718912,"Ultradent Products, Inc.",505 W 10200 S,South Jordan,Drugs,Yes
3026992207,"David J Cahn, M.D.","Colorado Clinical Research, 255 S Routt St Ste 420",Lakewood,Drugs,No 
3036834665,"Jena M. Krueger, M.D.","Helen Devos Childrens Hospital At Spectrum Health, 35 Michigan St Ne Ste 3003",Grand Rapids,Drugs,No 
3009325162,"Pharmaceutical Research Associates, Inc.",10836 Strang Line Rd,Lenexa,Drugs,No 
1930466,"EPM Packaging, Inc.",210 E 4th St,Lexington,Drugs,Yes
3035373235,"Keith M. Wan, O.D.","10549 Scripps Poway Pkwy Ste H, Scripps Poway Eyecare & Optometry",San Diego,Drugs,Yes
3007270600,Eurofins Infinity Laboratory Group Inc.,30 Silverline Dr,North Brunswick,Drugs,No 
3009143510,3D Imaging Drug Design and Development LLC,9015 Carti Way,Little Rock,Drugs,No 
2627208,Viatris Pharmaceuticals LLC,Road #2 Km 58.2,Barceloneta,Drugs,No 
3003706047,"Cardinal Health 414, Inc.",5030 1st Ave S Ste 110,Seattle,Drugs,Yes
3003091951,Sanofi Aventis Singapore Pte. Ltd.,61 Gul Circle,Singapore,Drugs,No 
3029780844,"Sudershan Vishwanath, M.D.","142, Ida, Phase Ii, Cherlapally, Vimta Labs Ltd.",Hyderabad,Drugs,No 
3014772595,"Shenzhen Hepalink Pharmaceutical Group Co., Ltd.","No. 1 Rongtian Road, Longgang District",Shenzhen,Drugs,No 
3035775761,Avinash Jangle MBBS,"Ltd Plot No M - 4, Clinical Research Unit 2nd Floor; Midc Taloja Road",Panvel,Drugs,No 
3035579028,"Sindhu Yallappa, M.B.B.S","Ltd., Hosur Road; 1st Cross Road; I Tower; Human Pharmacology Unit",Bengaluru,Drugs,No 
3034878846,"Aparna Kethineni, MBBS","147 / F Alacrity Developments Private Limit, Koramangala No 8th Main Road; Ltd.",Bengaluru,Drugs,No 
3035933071,"Aleksandra Gilis-Januszewska, M.D.","Spzoz Szpital Uniwersytecki W Krakowie, Odd. Kliniczny Endokrynologii, Onkologicznej I Medycyny Nuklearnej, Ul. Macieja Jakubowskiego",Cracow,Drugs,No 
3002807653,Organon Pharma (UK) Ltd.,Shotton Lane,Cramlington,Drugs,Yes
3002809586,Sun Pharmaceutical Industries Ltd.,Halol - Baroda Highway,Halol,Drugs,Yes
3003768909,Kumar Organic Products Ltd.,"Plot No. 60&65, Road No.3, Jigani Industrial Area, Jigani,","Anekal Taluk, Bengaluru",Drugs,No 
3003952717,Sun Pharmaceutical Industries Ltd.,"Plot No. 24/2 & 25, Phase -Iv, G.I.D.C., Dist. Bharuch",Panoli,Drugs,No 
3004065860,Natco Pharma Ltd. - Chemical Division,"Mekaguda Village, Nandigama Mandal",Rangareddy District,Drugs,No 
3006900385,"ALK-Abello, Inc.",10 Farmington Valley Dr Ste 106,Plainville,Drugs,Yes
3011457041,"Nyda Fourie, MD",20 Kapt Proctor Street,Bloemfontein,Drugs,No 
3034461478,"Ivan Mincik, M.D.",Jana Holleho 14/D,Presov,Drugs,No 
3036234718,"Monika Adamczyk Sowa, M.D.","Wielospecjalistyczne Centrum Medyczne Ibismed Sc, Ulica Prof. Tadeusza Banachiewicza 11",Zabrze,Drugs,No 
3035366636,"Justin J. Arambasick, M.D.",401 Lewis Hargett Cir Ste 120,Lexington,Drugs,No 
3037282697,"John M. Costello, M.D.","Medical University Of South Carolina, Department Of Pediatrics, 125 Doughty Street, Suite 370",Charleston,Drugs,No 
3010167068,"TAGI Pharma, Inc.",722 Progressive Ln,South Beloit,Drugs,Yes
3002937340,QuestSpecialty Corporation,2001 E Tom Green St,Brenham,Drugs,Yes
1929747,Saint Luke's Health System IRB,4401 Wornall Rd,Kansas City,Drugs,No 
3005574978,"Bell International Laboratories, Inc.",2950 Lexington Ave S,Eagan,Drugs,No 
3001451565,"Troy Manufacturing, Inc.",130 Lions Dr,Hazle Township,Drugs,No 
3034961566,"Sarah Imogene Smiley, D.O.",3121 Signature Ct,Medford,Drugs,No 
3004087499,"Hysan Pharmaceutical Co., Ltd.","7/F, Sunview Industrial Building Block H; 3 On Yip Street",Chai Wan,Drugs,Yes
1000517838,Community Health Network IRB,6626 E 75th St Ste 400,Indianapolis,Drugs,Yes
1000607691,Dishman Carbogen Amcis Limited,"1216/11 - 12 - 1216/20 - 26 Phase Iv, Gidc Estate",Ahmedabad,Drugs,No 
3034422060,"Prakash H. Kurmi, M.D.","C - 3 Maninagar East, Char Rasta; Gor'S Kuva",Ahmedabad,Drugs,No 
3025910185,"Grazyna Pulka, M.D.",Ul. Henryka Sienkiewicza 23,Cracow,Drugs,No 
3023205423,Genzyme Sanofi,450 Water St,Cambridge,Drugs,No 
3006458969,Golden State Medical Supply Inc.,5187 Camino Ruiz,Camarillo,Drugs,No 
3023494155,Biomedical Research Foundation of Northwest Louisiana,2120 Kings Hwy,Shreveport,Drugs,No 
2510561,"Cherokee Pharmaceuticals, LLC",100 Avenue C,Riverside,Drugs,No 
3008981435,"Rajinder S. Shiwach, M.D.","Insite Clinical Research, 941 York Dr Ste 205",Desoto,Drugs,Yes
3006106736,Hovione LLC,40 Lake Dr,East Windsor,Drugs,No 
3013316698,MedisourceRx,10525 Humbolt St,Los Alamitos,Drugs,Yes
2429195,"Nelco Vet, LLC",154 Brook Ave,Deer Park,Drugs,No 
2246882,"Bennett Testing Service, Inc.",1045 E Hazelwood Ave,Rahway,Drugs,No 
3007992266,"Catalent Micron Technologies, Inc.",333 Phoenixville Pike,Malvern,Drugs,No 
1000119907,Ferring Pharmaceuticals Inc,100 Interpace Pkwy,Parsippany,Drugs,No 
1000076625,Boothwyn Pharmacy LLC,221 Gale Ln,Kennett Square,Drugs,No 
3029416323,"Aucta Pharmaceuticals, Inc.",170 Mount Airy Rd,Basking Ridge,Drugs,No 
3008685981,"N-Molecular, Inc., dba SOFIE",7650 First Pl Ste B Ste A,Oakwood Village,Drugs,No 
3006648734,"Aziz I. Shaibani, M.D.",6624 Fannin St Ste 1670,Houston,Drugs,No 
3010436585,Tower Health IRB,420 S 5th Ave,West Reading,Drugs,No 
3011539564,Citragen Pharmaceuticals Inc,3789 Spinnaker Ct,Fremont,Drugs,No 
3012102437,"Synergy Health AST, LLC",3200 Lakeville Hwy Ste 120,Petaluma,Drugs,Yes
3004065859,SCI Pharmtech Inc.,"Luzhu Dist. 309, No. 61 Ln.; Haihu N. Rd.",Taoyuan City,Drugs,No 
3002808523,Astellas Pharma Inc.,"160-2, Oazaakahama",Takahagi,Drugs,No 
3011665699,Wipro Limited,Sarjapur Road,Bengaluru,Drugs,No 
3002807001,Astellas Pharma Inc.,"Sakae-Machi 30, Toide",Takaoka,Drugs,Yes
3003952755,Fortune Pharmacal Company Ltd,"A Yuen Long Innopark Block B, 50-68 Wang Lok Street",Yuen Long,Drugs,Yes
3010331979,Eskay Iodine Private Ltd.,907/2 Jhagadia Gidc Estate,Bharuch,Drugs,No 
3005737619,Raks Pharma Private Limited,"Plot No Z/111/A, Phase - Ii; Sez",Dahej,Drugs,No 
3033983173,"Joanna Gozdzik, M.D",Ul. Gen. W. Sikorskiego 30 Lok. U 70,Katowice,Drugs,No 
3034422504,Eduard F.W. Krantz,"Farmovs Ltd, Clinical Research Organisation, Pharmacology Building, University Of The Free State, 205 Nelson Mandela Drive",Bloemfontein,Drugs,No 
3009925820,Medi-Fare Drug,300 W Pine St,Blacksburg,Drugs,No 
3011157982,"Dariusz Kowalski, M.D.","Klinika Nowotworow Pluca i Klatki, ul. W.K. Roentgena 5",Warzawa,Drugs,No 
3035530886,Dr. Alfredo Luis Borgia,Cordoba 292 Mendoza,Mendoza,Drugs,No 
3035119212,Frederic Caux,"Universite Paris Xiii, Hopital Avicennes, 125 Rue De Stalingrad",Bobigny,Drugs,Yes
3008831959,"William T Garvey, M.D.","1675 University Blvd, 256 Webb Nutrition Sciences Building",Birmingham,Drugs,No 
3014725408,Textile-Based Delivery Inc.,350 5th Ave Se,Conover,Drugs,Yes
3015050439,"Basil T. Darras, M.D.",300 Longwood Ave,Boston,Drugs,No 
3013090931,Cyrus Desouza,"Diabetes And Endocrinology Center, 4350 Emile St",Omaha,Drugs,No 
3012580398,LE PAPILLON LTD.,500 Hadley Rd,South Plainfield,Drugs,Yes
3012880786,"Claudia A. Chiriboga, MD","Hammer Health Sciences Building, 701 W 168th St",New York,Drugs,No 
3007617094,"Catalent Pharma Solutions, LLC",10381 Decatur Rd,Philadelphia,Drugs,No 
3002647523,"HK Kolmar Canada, Inc.",149 Victoria St,Barrie,Drugs,Yes
3002792064,Argenta Dundee Limited,Kinnoull Road,Dundee,Drugs,No 
3003855180,"Tedor Pharma, Inc.",400 Highland Corporate Dr,Cumberland,Drugs,Yes
3005409176,"Freilich, Dr Bradley",6675 Holmes Rd Ste 430,Kansas City,Drugs,No 
3008206797,Galephar Pharmaceutical Research Inc.,Rd 925 Km 6.1 Bo Junquito,Humacao,Drugs,No 
3035365522,"Viera Donicova, M.D.",Rastislavova 45,Kosice,Drugs,No 
1039390,"Kappa Laboratories, Inc.",2577 Nw 74th Ave,Miami,Drugs,Yes
1000117040,Particle Dynamics International LLC,2629 S Hanley Rd,Saint Louis,Drugs,No 
2080391,UCLA Medical IRB 1 (OHRPP),10889 Wilshire Blvd Suite 830,Los Angeles,Drugs,No 
3004099380,"Somerville Acquisitions, Inc.",45 River Rd,Flemington,Drugs,No 
3011823550,Perfomics Analytical Labs LLP,Road No. 12 Tech Park,Hyderabad,Drugs,Yes
3012448339,Smart World LLC,48225 Lakeview Blvd,Fremont,Drugs,Yes
1000524645,Northwest Cosmetic Laboratories LLC,2105 Boge Ave,Idaho Falls,Drugs,Yes
3036401977,"Ashok Muthukrishnan, M.D.",431 University Blvd,Jupiter,Drugs,Yes
3013896178,"Strive Pharmaceuticals, Inc.",19 Lexington Ave,East Brunswick,Drugs,Yes
3036233518,"Stephen C. Krieger, M.D.",5 E 98th St,New York,Drugs,No 
3003821360,Alembic Pharmaceuticals Limited (Units I and II),Near Baska,Halol,Drugs,No 
3013779173,"Elizabeth Arden, Inc.",131 Brand Ave,Salem,Drugs,Yes
3024553539,"Scholar Rock, Inc.",301 Binney St Ste 3,Cambridge,Drugs,No 
1642813,Chemolee Lab Corporation,3820 Conflans Rd,Irving,Drugs,Yes
1833335,"Eurofins Lancaster Laboratories, Inc",6859 Quality Way,Portage,Drugs,Yes
3011657649,"Vijendra Swarup, MD",1848 E Thomas Rd,Phoenix,Drugs,Yes
3036796857,"Ann Moore, FNP-C",15396 N 83rd Ave Ste E,Peoria,Drugs,Yes
3002996895,MSD International GmbH (Singapore Branch),34 Tuas South Street 3,Singapore,Drugs,No 
3005857289,Cipla Ltd.,"285, 286 and 287, KIADB, IV Phase, Bommasandra-Jigani Link Road",Bangalore,Drugs,No 
1000251162,"Voyant Beauty, Inc.",2000 Kipling Ave,Etobicoke,Drugs,Yes
3005641565,Douglas Manufacturing Limited,"Cnr Te Pai Place & Central Park Drive, Lincoln",Auckland,Drugs,No 
3002808377,Piramal Healthcare (Canada) Ltd.,"110 Industrial Pkwy N., Po Box 308 Stn Main",Aurora,Drugs,No 
3004544937,"Shionogi Pharma Co., Ltd.","2 Chome 5-1, Mishima",Settsu,Drugs,No 
3035696422,Robert Mordaka,Ul. Stanislawa Wigury 19,Lodz,Drugs,No 
3012753303,Dasami Lab Private Limited,"Survey No. 405 & 408, Veliminedu Village, Chityal Mandal",Nalgonda,Drugs,No 
3007514214,Alivus Life Sciences Limited,"Plot No Z-103-I SEZ Phase II Dahej, Taluka Vagra",Bharuch,Drugs,No 
3005210225,Micro Labs Limited,"& N1 Plot No S - 155, Verna Industrial Estate Road; Phase Iii & Phase Iv",Verna,Drugs,Yes
3006216494,Gulbrandsen Technologies (India) Private Limited,"A Plot No 761, Gidc Estate",Jhagadia,Drugs,No 
3035529950,Dra. Maria Silvia Las Yacuzzi,"1a San Miguel De Tucuman, Calle Comb De Las Piedras 108",San Miguel De Tucuman,Drugs,No 
1545,"Delta Synthetic Co., Ltd.","15 Minsheng St, Tucheng Dist.",New Taipei City,Drugs,No 
1044794,Giles Chemical,102 Commerce St,Waynesville,Drugs,No 
3003624288,Avid Bioservices Inc.,14191 Myford Rd,Tustin,Drugs,No 
1000125370,"Universal Packaging Systems, Inc.",14570 Monte Vista Ave,Chino,Drugs,Yes
3013226,NorMed,4320 S 131st Pl,Tukwila,Drugs,Yes
3008538578,"Almac Group Services, LLC",25 Fretz Rd,Souderton,Drugs,No 
3000186629,Reactimex S.A. de C.V.,"Ave. Industrias 1200-C Poniente, Col. Bella Vista",Monterrey,Drugs,No 
1000521506,BASF Corporation,361 Sheep Pasture Rd,East Setauket,Drugs,Yes
3002806414,Baxter Deutschland GmbH,Artur-Ladebeck-Str. 136,Bielefeld,Drugs,No 
3038018259,"Amylynne J. Frankel, M.D.","Advanced Dermatology & Cosmetic Surgery, 1650 Skylyn Dr Ste 402",Spartanburg,Drugs,Yes
2127205,University of Minnesota IRB,"Mcnamara Alumni Center, 200 Oak St Se Ste 280",Minneapolis,Drugs,No 
3033007003,"Wonseog Kim, MD",0081 Samsung Medical Center,Gangnam District,Drugs,No 
1211888,"The Original Bradford Soap Works, Inc.",200 Providence St,West Warwick,Drugs,Yes
3004582966,"Preferred Pharmaceuticals, Inc.",1250 N Lakeview Ave Ste O,Anaheim,Drugs,Yes
3034878840,"Theodoros Katsivas, M.D.",3709 Convoy St Ste 200,San Diego,Drugs,No 
2220077,"Avantor Performance Materials, LLC",600 N Broad St,Phillipsburg,Drugs,No 
3005447965,Dr. Reddy's Laboratories Limited,"Chaitnya Nagar, Miryalguda, Nalgond, Tripuraram Mandal; Road No 3",Nalgonda,Drugs,No 
3016994689,Clinical Research Centre of Shanghai Xuhui Central Hospital,"333 Chaling Road, Xuhui District",Shanghai,Drugs,No 
3037282723,"Chi Dang Hornik, Pharm.D","Duke University Hospital, 2301 Erwin Rd",Durham,Drugs,No 
3038219813,"Taha Y. El-Shahat, M.D.","Fortrea, Inc., 3402 Kinsman Blvd",Madison,Drugs,No 
3005073265,"Universal Packaging Systems, Inc.",5055 State Route 276,Batavia,Drugs,No 
1518787,Morton Salt Inc,151 Industrial Ave,Rittman,Drugs,No 
1626962,"Medinatura New Mexico, inc.",10421 Research Rd Se,Albuquerque,Drugs,Yes
3037144564,"Mark Fesler, M.D.","Saint Lukes Hospital, 232 S Woods Mill Rd",Chesterfield,Drugs,Yes
3010189996,Michael Francis Jardula,275 N El Cielo Rd Ste D-412,Palm Springs,Drugs,No 
3002815949,Stokes Healthcare Inc. dba Epicur Pharma,8000 Commerce Pkwy Ste 600,Mount Laurel,Drugs,Yes
3003754256,Borden Company (Private) Limited,"No. 9 Jalan Kilang, #06-01 Borden Centre",Singapore,Drugs,Yes
3035773423,Dr. Ignacio Casarini,Avenida Cristobal Colon 3456,Mar Del Plata,Drugs,No 
3037547925,"Sanjay Ramteke, M.D.","Jasleen Building, Panchsheel Square; Brain Clinic",Nagpur,Drugs,Yes
3002807014,Fresenius Kabi Austria Gmbh,Estermannstrase 17,Linz,Drugs,No 
3002808375,"Tomita Pharmaceutical Co., Ltd.","Azamaruyama 85-1, Setochoakinokami",Naruto,Drugs,No 
3033175027,Rafal Plebanski,Ul. Kowalska 3,Lodz,Drugs,No 
3003722350,"Symrise, S. de R.L. de C.V.","Av. Republica Mexicana 200, Col. Garza Cantu",San Nicolas De Los Garza,Drugs,No 
3009057557,"Orient Pharma Co., Ltd.","No. 8 Kehu 1st Rd., Huwei Township",Yunlin County,Drugs,No 
3033710315,"Petr Budera, M.D., Ph.D.","Praska 1486/18c, 102 00 Prague 10, Quinta-Analytica",Central Boian Region,Drugs,No 
3006274377,Avadim Holdings Inc,4 Old Patton Cove Rd,Swannanoa,Drugs,Yes
1317366,Ames Goldsmith Corporation,21 Rogers St,Glens Falls,Drugs,No 
3035930735,"Diane M. Donegan, M.D.","Indiana University Health, 1812 N Capitol Ave",Indianapolis,Drugs,No 
2243054,L'Oreal USA Products Inc,81 New England Ave,Piscataway,Drugs,Yes
3036653836,Memorial Sloan Kettering Hospital,1275 York Ave,New York,Drugs,No 
3009766945,Mondelez Canada Inc.,40 Bertrand Ave,Scarborough,Drugs,No 
3005630028,"SGS Canada, Inc.",145 Konrad Cres Suite 11,Markham,Drugs,No 
1000346340,Ipsen BioPharm Ltd,"Unit 9, Ash Road North",Wrexham,Drugs,No 
3007114474,"Raybow (Suzhou) Pharmaceutical Co., Ltd.","No. 18 Tonglian Road, Bixi Xinqu Changshu",Suzhou,Drugs,No 
3018360274,"Chengdu Shuode Pharmaceutical Co., Ltd","No. 9 Lekang Road, Shuangliu District",Chengdu,Drugs,No 
3034686221,Jose Angel Garcia Saenz,Calle Del Profesor Martin Lagos B Planta Baja,Madrid,Drugs,No 
3001347874,BK Giulini GmbH,Am Hafen 2,Ladenburg,Drugs,No 
3002806560,Roche Diagnostics GmbH,Nonnenwald 2,Penzberg,Drugs,No 
3003425888,"PTC Therapeutics, Inc.",500 Warren Corporate Center Dr,Warren,Drugs,No 
3004127824,SanUp,Rue De Lorce 45,Aywaille,Drugs,No 
3006477904,"JO Cosmetics Co., Ltd.","1 Chome 603-36, Komatsudai",Hanyu,Drugs,No 
3009609117,Hy-Gro Chemicals Pharmtek Pvt. Ltd.,"Plot 174 Progressive Industrial, Bollaram, Narsapur",Medak,Drugs,No 
3037450399,"Ivan Ivanov, M.D.","Mhat Levski Eood, Nikola Vaptsarov Street 5",Levski,Drugs,No 
3013610124,"Meitheal Pharmaceuticals, Inc",8700 W Bryn Mawr Ave Ste 600s,Chicago,Drugs,No 
2410283,P & L Development LLC,33 Ralph Ave,Copiague,Drugs,No 
3035347710,"Juan Carlos Garcia Beristain, MD","Hospital Infantil De Mexico Federico Gomez, Calle Dr Marquez 162; Col. Doctores, Cuauhtemoc",Ciudad De Mexico,Drugs,No 
3007016503,Seema International,Bt - 3/211,New Delhi,Drugs,No 
3004087508,Miers Laboratories Ltd.,"32 Waiu Street, Wainuiomata",Lower Hutt,Drugs,No 
3004723334,"Acino Products, LLC",32 Tally Rd,Hamilton,Drugs,Yes
1177747,Children's National Medical Center IRB,111 Michigan Ave Nw,Washington,Drugs,Yes
3008532848,"Ipsen Bioscience, Inc.",1 Kendall Sq Bldg 700 Ste 7401,Cambridge,Drugs,No 
1819470,Eli Lilly & Company,839 S Delaware,Indianapolis,Drugs,No 
3003966332,"ASC Laboratories, Inc.",436 W Commodore Blvd Ste 8,Jackson,Drugs,No 
3002807768,"Nucro-Technics, Inc.",2000 Ellesmere Rd Unit 16,Scarborough,Drugs,Yes
3030385827,"Jorge Paoli-Bruno, M.D.","Coral Research Clinic Corp., 12002 Sw 128th Ct Ste 202",Miami,Drugs,No 
3005389393,Corcept Therapeutics Incorporated,101 Redwood Shores Pkwy,Redwood City,Drugs,No 
3033884793,"Bharath Bhushan Mahesh, MBBS","3a No 3, Hesaraghatta Main Road; And",Bengaluru,Drugs,No 
3036002392,"Shanghai Jollin Lab Co., Ltd.","F 3, No. 10 Building 1, 182 Wenjun Road; Song Jiang District",Shanghai,Drugs,No 
3029752940,"Kevin Kuo, M.D.",200 Elizabeth Street,Toronto,Drugs,No 
1211177,K.W. Griffen Company,100 Pearl St,Norwalk,Drugs,Yes
3003128389,Boston University National Emerging Infectious Disease Laboratories,620 Albany St,Boston,Drugs,No 
3036830130,"Bertrand P.  Cole, D.O.","Activmed Practices And Research Llc., 110 Corporate Dr Ste 2",Portsmouth,Drugs,Yes
3025336457,"STAQ Pharma of Ohio, LLC",255 Phillipi Rd,Columbus,Drugs,Yes
2211017,Merck & Co. Inc,126 E Lincoln Ave,Rahway,Drugs,No 
3013061208,Evaric Pharmaceuticals Inc.,155 Commerce Dr,Hauppauge,Drugs,Yes
2523676,"B. Braun Medical, Inc.",901 Marcon Blvd,Allentown,Drugs,Yes
3006464546,"Symbiotica Speciality Ingredients, Sdn. Bhd.",No. 518 Jalan Waja 4,Kulim,Drugs,No 
3011243688,"Nantong Chanyoo Pharmatech Co., Ltd.","Yangkou Chemical Industrial Park, No. 2 Tonghai Si Road; Rudongxian",Nantong,Drugs,No 
3009857729,INTERVEIN RESEARCH LABS PRIVATE LIMITED,"101 - 106 501 - 504 - 506 Ishan Tower B, S G Highway; Opp Karnavati Club",Ahmedabad,Drugs,Yes
3008920776,VitaCare Labs Inc.,1186 Cardiff Blvd,Mississauga,Drugs,Yes
3002807203,DSM Nutritional Products AG,Haupt Strasse 4,Sisseln Ag,Drugs,No 
3002807401,AbbVie Deutschland GmbH & Co. KG,Knollstrasse,Ludwigshafen,Drugs,No 
3002809299,"Otsuka Pharmaceutical Co., Ltd.","463-10, Kawauchi-Cho",Tokushima,Drugs,No 
3002808353,"Tokyo Chemical Industry Co., Ltd.","725, Kashiai",Fukaya,Drugs,No 
3010873298,"Cyan Labs, S.A. de C.V.","Anillo Periferico Km. 37, Col. Moises Saenz, Apodaca",Ciudad Apodaca,Drugs,Yes
3003430615,New Zealand Pharmaceutical Ltd.,"68 Weld St., Rd 2",Palmerston North,Drugs,No 
3003511617,A.I.G Technologies Inc.,5001 Nw 13th Ave Ste B,Deerfield Beach,Drugs,Yes
3003510514,Hetero Drugs Limited,"Unit I, Sy. No. 213, 214 & 255, Bonthapally Village","Gummadidala Mandal, Sangareddy",Drugs,No 
3033281718,Kai Huang,"299 Qingyang Road, Nanchang District",Wuxi,Drugs,No 
3006153996,"Dr. Reddy's Laboratories New York, LLC",1974 State Route 145,Middleburgh,Drugs,No 
3035343378,"Boyan Hristovski, M.D.","Mhat Sveta Sofia, Internal Disease, Bulevard Bilgariya 104",Sofiya,Drugs,No 
3034925334,"Philisiwe B. Makhoba, M.D.",15 Park Lane,Umnambithi,Drugs,No 
3036003205,Alexandra Durr MD PhD,"47 Boulevard De L Hopital, Cs 201414 Hopital Pitie Salpetriere Institut Du Cerveau",Paris 13e Arrondissement,Drugs,No 
3031885539,FRONTAGE LABORATORIES SHANGHAI CO.,"Road, Zhangjiang High-Tech Park Bing 67 Li",Shanghai,Drugs,No 
1036720,AdventHealth Orlando - IRB,800 N Magnolia Ave Ste 500,Orlando,Drugs,No 
3005221002,"John Anderson, M.D.",504 Brookwood Blvd Ste 250,Birmingham,Drugs,No 
3032314463,Apothecary Pharma LLC,1913 Evans Rd,Cary,Drugs,Yes
3008468946,"Llorens Pharmaceuticals International Division, Inc.",7080 Nw 37th Ct,Miami,Drugs,Yes
3014408462,Integrated Commercialization Solutions LLC,6450 Lasalle Dr,Lockbourne,Drugs,Yes
3003465092,"Martha Tarpay, M.D.",4200 W Memorial Rd Ste 206,Oklahoma City,Drugs,No 
1000125456,PolyPeptide Laboratories San Diego LLC,9395 Cabot Dr,San Diego,Drugs,No 
1000116132,"Outlook Group, LLC",1180 American Dr,Neenah,Drugs,Yes
1000160562,"P&L Developments, LLC",11865 Alameda St,Lynwood,Drugs,No 
3034533499,David Beneitez Pastor,Psg. Vall D Hebron 119-129,Barcelona,Drugs,No 
3034885694,"Gerrina Ruiter, MD, PhD","Nederlands Kanker Instituut Klinische Farmacologie, Plesmanlaan 121",Amsterdam,Drugs,No 
3008853092,medac Gesellschaft fur klinische Spezialpraparate m.b.H.,Wilfried-Mohr-Str. 1-5,Tornesch,Drugs,No 
3002828052,"Elemental Analysis, Inc.",2101 Capstone Dr Ste 110,Lexington,Drugs,No 
3011573185,Aragen Life Sciences Limited - Analytical Solutions,"Survey Nos 125 (Part) & 126, Ida Mallapur",Hyderabad,Drugs,No 
3002807308,Steris Applied Sterilization Technologies ULC,184 Crown Crt,Whitby,Drugs,No 
1000115351,"Elba, Inc.",1925 W Maple Rd Ste B,Troy,Drugs,Yes
3022159954,"David R. Lynch, M.D.","The Childrens Hospital Of Philadelphia Abramson Research Center, 3615 Civic Center Blvd Rm 502",Philadelphia,Drugs,No 
3002781621,SEAGEN INC.,3450 Monte Villa Pkwy,Bothell,Drugs,Yes
3003009422,"IPR Pharmaceuticals, Inc.","Road 188, Lot 17, San Isidro Industrial Park",Canovanas,Drugs,No 
3002807336,"Janssen Pharmaceutica, N.V.",Turnhoutseweg 30,Beerse,Drugs,No 
3030257156,"Michael J. Palumbo, M.D.",180 Fort Couch Rd Ste 375,Pittsburgh,Drugs,No 
3009971047,World Perfumes Inc.,2360 Nw 150th St,Opa Locka,Drugs,Yes
3010166880,"LEESAR, INC",2727 Winkler Ave,Fort Myers,Drugs,Yes
1038960,Piedmont LLC,2030 Old Candler Rd,Gainesville,Drugs,Yes
3011390074,"Dhaliwal Labs North, LLC",5202 W 70th Pl,Bedford Park,Drugs,Yes
3004575449,"PCI San Diego, Inc.",11040 Roselle St,San Diego,Drugs,Yes
3004971261,The Feinstein Institute for Medical Research,350 Community Dr,Manhasset,Drugs,Yes
3005343706,Haleos Labs Limited,"Unit 1, Sy. No.180/2, Khazipally Village Jinnaram Mandal, Sangareddy District",Hyderabad,Drugs,No 
3008374690,Solara Active Pharma Sciences Limited,"Plot No. N39/ N39-1, Anand Nagar Midc, Additional Ambernath, Ambernath (East)",Mumbai,Drugs,No 
3001617666,Apotex Inc.,380 Elgin Mills Rd E,Richmond Hill,Drugs,Yes
1000220178,"Curia Global, Inc.",21 Corporate Cir,Albany,Drugs,No 
3036003816,Enrico Bertini MD,"Ospedale Pediatrico Bambino Gesu Irccs Unit Of Neuromuscular And Neurodegenerative Disorders, Piazza Di Sant' Onofrio 4",Rome,Drugs,No 
3035385127,Irene Brana Garcia,Passeig De La Vall D'Hebron 119-129,Barcelona,Drugs,No 
3000114091,Apotex Inc.,34 Spalding Dr,Brantford,Drugs,No 
3011329032,"Frontage Laboratories (Suzhou) Co.,Ltd.","Building 3rd Floor D, 1336 Yue Zhongxilu; Wuzhong",Suzhou,Drugs,No 
3033884756,"Ajay K. Ambade, D.O.M.S.","1st And 2nd Floors, Kamla Tower, Near Jaswant Inox, Indora Square, Kamptee Road, Ambade Eye Hospital",Nagpur,Drugs,No 
3033179021,Prof. Marek Hus,Ulica Stanislawa Staszica 11 University Hospital No. 1,Lublin,Drugs,No 
3003602532,Pharmazell (India) Private Limited,"& B6 A1 & A2 Plot No B5, Tambaram",Chennai,Drugs,No 
3025768394,"Michael Lissy, M.D.","Nuvisan Gmbh, Wegener Str. 13",Neu-Ulm,Drugs,Yes
3034458516,Dongqing LV,"No. 150 Ximen Road, Linhai District",Linhai,Drugs,No 
3008961887,Kettering Medical Center,3535 Southern Blvd,Kettering,Drugs,Yes
3005075182,MSN Laboratories Private Limited,"R&D Centre, Plot No. 12, Phase-IV, Sy.No. 119 to 140, 258, 275 to 280, IDA Pashamylaram,","Patancheru (Mandal), Sangareddy District",Drugs,Yes
3005959243,Charlotte Products Ltd.,2060 Fisher Dr,Peterborough,Drugs,Yes
3035189146,"Toni Donchev, M.D., Ph.D.","Medical Center Intermedica Ood, Ulitsa Nishava 62",Sofiya,Drugs,No 
3034925312,"Khatija Ahmed, M.D.",2088 Block H,Soshanguve,Drugs,No 
3036040213,Labor Augsburg MVZ GmbH,August-Wessels Str. 5,Augsburg,Drugs,No 
3036834639,"Kathleen M. Doisy, M.D.","Fortrea Inc., 1900 Mason Ave Ste 140",Daytona Beach,Drugs,No 
3003015528,AndersonBrecon Inc.,1635 New Milford School Rd,Rockford,Drugs,No 
2245304,"Isomedix Operations, Inc.",9 Apollo Dr,Whippany,Drugs,No 
3010529997,Amneal Complex Products Research LLC,995 Us Highway 202/206,Bridgewater,Drugs,No 
3008699637,Almac Sciences Limited,"Unit 20, Almac House; Seagoe Industrial Area",Craigavon,Drugs,No 
3033883993,"Ramanbhai Gamabhai Patel, M.D.","Plot No. 1285, Sector 6-D, Gh-3 Circle, Opposite Civil Hospital, Namostute Hospital",Gandhinagar,Drugs,No 
3011837953,"Andrew C Sedillo, MD","Mcb Clinical Research Centers Llc, 110 S Parkside Dr",Colorado Springs,Drugs,Yes
3006067971,Sannova Analytical LLC.,155 Pierce St,Somerset,Drugs,No 
1000135824,"Prescript Pharmaceuticals, Inc.",39 California Ave Ste 104,Pleasanton,Drugs,No 
3011063130,Startech Labs Private Limited,"2nd Floor, Smr Chambers, H. No 1-58/7, Madinaguda",Hyderabad,Drugs,No 
3035375144,"Imran S. Khawaja, M.D.",10640 N Riverside Dr Ste 300,Fort Worth,Drugs,Yes
3005023061,DPT Laboratories Ltd.,3300 Research Plz,San Antonio,Drugs,No 
2435388,Geri-Care Pharmaceuticals Corp.,1295 Towbin Ave,Lakewood,Drugs,Yes
3014647198,DA BOMB LLC,7476 W 78th St,Minneapolis,Drugs,Yes
3030557369,"K. Krishna Moorthy, MBBS","Plot No 201, Zenrise Clinical Research Private Limited; Road No 2",Hyderabad,Drugs,No 
3001698565,Span Packaging Services LLC,1301 Perimeter Rd,Greenville,Drugs,Yes
3010685855,"Kevin D. Cannon, M.D.",1907 Tradd Ct,Wilmington,Drugs,No 
3035553844,"Christopher M. Gomez, MD, PhD",5841 S Maryland Ave Mc 2030,Chicago,Drugs,No 
3008480436,Naturich Cosmetique Labs,2505 Merritt Dr,Garland,Drugs,Yes
2111173,Scientific Protein Laboratories LLC,700 E Main St,Waunakee,Drugs,No 
3009413786,"Eisai, Inc.",200 Metro Blvd,Nutley,Drugs,No 
3035932483,"Georgiana A. Dobri, M.D.",525 E 68th St,New York,Drugs,No 
3003447972,Kreative Organics Private Limited,"D-123 Phase-Iii Ida, Jeedimetla",Hyderabad,Drugs,No 
1000283831,Embio Limited,E - 21 Midc Industrial Estate,Mahad,Drugs,No 
3009967316,"Chih-Hsin Yang, MD, PhD","No. 7 Zhongshan South Road; Zhongzheng Dist., National Taiwan University Hospital",Taipei City,Drugs,No 
3033884770,"Purvi R. Bhagat, MS, DO","M & J Western Regional Institute Of Ophthalmology, Manjushri Mill Compound, Baliya Limbdi, Jahangirpura",Ahmedabad,Drugs,No 
3002780785,Malladi Drugs & Pharmaceuticals Ltd,No. 7b & 7c Sipcot Industrial Complex,"Ranipet, Vellore",Drugs,No 
3005054986,TTY BioPharm Company Ltd (Chungli Factory),"No. 838 Chungli District, Sec. 1, Chung Hwa Rd.",Taoyuan,Drugs,No 
3003309323,Neuland Laboratories Limited (Unit II),"Plot No. 92 - 94, 257 - 259, Ida Pashamylaram Village, Patancheru Mandal",Sangareddy District,Drugs,No 
3032524564,"Kandappan Velavan, M.D.","Sh 1/393, Velavan Nagar, Perundurai Road, Thindal, Erode Cancer Centre",Erode,Drugs,No 
3004126703,Concord Biotech Limited,"1482-1486, Trasad Road, Dholka","Ahmedabad, Gujarat State",Drugs,No 
3033711412,"Dr. Pablo Forte Soto MD, MSc, DPhil","Level 7v St. Mark'S Hospital, Watford Road; United Kingdom",Harrow,Drugs,No 
3007800082,Maithri Laboratories Private Limited,10 / 1 - 14 Sy No,Gaddipotharam,Drugs,No 
1413077,Blistex Inc,1800 Swift Dr,Oak Brook,Drugs,Yes
3020855764,Labcorp Central Laboratory Services Limited Partnership,8211 Scicor Dr,Indianapolis,Drugs,No 
3034886966,"Sanjiv K. Sharma, MD",9 Mule Rd Ste 8-9,Toms River,Drugs,No 
3033910611,"Scott A. Fretzin, M.D.","Dawes Fretzin Clinical Research Group, Llc., 7910 N Shadeland Ave",Indianapolis,Drugs,No 
3033605019,"Hirenkumar Shah, MBBS","388 Plot No 38, Sarkhej Gandhi Nagar Highway; Survey No, Near Silver Oak Club",Ahmedabad,Drugs,No 
3017953815,Ionetix Corporation,2760 Sw 97th Ave Ste B-109,Miami,Drugs,Yes
3026081546,Best Dental Kit LLC,1909 Memorial Hwy Ste B,Shavertown,Drugs,Yes
3019604545,"Revance Therapeutics, Inc.","Bldg 261, Rm 144, C/O Lifesource Biomedical Services Llc",Moffett Field,Drugs,No 
3006662277,"Autumn Harp, Inc.",26 Thompson Dr,Essex Junction,Drugs,Yes
3009015455,"PETNET Solutions, Inc",3601 W 13 Mile Rd,Royal Oak,Drugs,No 
2434097,Hospital for Special Surgery IRB,"Hospital For Special Surgery, Irb Office, 510 E 73rd St",New York,Drugs,No 
3007543295,Johnson & Johnson Private Limited,"Higi House, Opp Ralli Wolf; Lbs Marg",Mumbai,Drugs,No 
3001574462,MeriCal LLC,233 E Bristol Ln,Orange,Drugs,Yes
3014293429,ABX-CRO Advanced Pharmaceutical Services GmbH,Schossergasse 19,Dresden,Drugs,No 
3003231743,"OHM Pharma, Inc.",2940 Fm 3028,Mineral Wells,Drugs,Yes
3015251693,"Hainan Simcere Pharmaceutical Co., Ltd.","Pharma Valley, No. 2 Yaogu 3rd Road; Xiuying District",Haikou,Drugs,No 
3036834659,"Katherine Moretz, M.D.",6602 Water Aveue Building C,Savannah,Drugs,No 
1937990,Sigma-Aldrich Manufacturing LLC,3300 S 2nd St,Saint Louis,Drugs,No 
2022073,"McGuff Pharmaceuticals, Inc.",2921 W Macarthur Blvd Ste 141,Santa Ana,Drugs,Yes
3012112742,"CDL Services, Inc.",3080 E La Jolla St,Anaheim,Drugs,Yes
2027600,Soaptronic LLC,19771 Pauling,Lake Forest,Drugs,Yes
3035935879,"Sarbani Maitra, M.D.","Lumos Clinical Research Center, 2516 Samaritan Dr Ste B And D",San Jose,Drugs,No 
3001701623,EMINENT Services Corporation,7495 New Technology Way,Frederick,Drugs,Yes
3003663281,"Zhejiang Jinhua Conba Bio-Pharm. Co., Ltd.",288 Jinqu Road,Jinhua,Drugs,Yes
3014150265,Mankind Pharma Limited,"Plot No. C-23, 23(A), C-24 & C-25, Riico Industrial Area, Sotanala",Kotputli-Behror,Drugs,No 
3010466500,"James D. Branch, M.D.",224 Town Run Ln,Winston Salem,Drugs,No 
3011761321,"Wells Pharmacy, Inc",450 Us Highway 51 Byp N,Dyersburg,Drugs,Yes
1527260,"Q LABS, LLC",1930 Radcliff Dr,Cincinnati,Drugs,Yes
3014245821,Nutrix International LLC,810 N 2200 W,Salt Lake City,Drugs,Yes
1000142727,"Stephen G. Thein, Ph.D.","Pacific Research Network (Prn), 16476 Bernardo Center Dr Ste 100",San Diego,Drugs,Yes
3022159136,"Susan Perlman, M.D.",710 Westwood Plz,Los Angeles,Drugs,No 
2315837,"AMCOL Health & Beauty Solutions, Inc DBA AMCOL Household and Personal Care",301 Laser Ln,Lafayette,Drugs,No 
3003350319,Radnostix,4137 Commerce Cir,Idaho Falls,Drugs,Yes
3009882550,Cdymax (India) Pharma Private Limited,"77d & 116/117, Kiadb Industrial Area, Jigani",Bangalore,Drugs,No 
3035776224,"Shravan Kumar Y., MBBS","Plot No 47 Balanagar Ida, 2nd Floor; Ltd.; Bala Nagar Cross Road",Hyderabad,Drugs,No 
3005522065,Symed Labs Limited (Unit II),"Plot No 25/B, Phase Iii, I.D.A., Jeedimetla",Hyderabad,Drugs,No 
3004081315,Kopran Research Laboratories Limited,"K-4/4 Additional Midc, Village Birwadi, Raigad",Mahad,Drugs,No 
3034885685,"Haiyan Tu, MD, MM","No. 123 Huifu West Road, Guangdong Provincial People'S Hospital",Guangzhou,Drugs,No 
3004590215,Covalent Laboratories Private Limited,"374 Survey No, Gundla Machanoor Village",Sangareddy,Drugs,No 
3010034070,Innocore Sales & Marketing Inc.,399 Woodall Way,Woodstock,Drugs,Yes
3036712893,"Margaret A. Chang, MD, MS",5775 Greenback Ln,Sacramento,Drugs,Yes
3008639692,Joyang Laboratories,"Sheyang, No. 9 Haidu North Road; Economic Development Zone",Yancheng,Drugs,No 
3004414647,"Zhejiang Lepu Pharmaceutical Co., Ltd.","No 29 Binhai Road, Jiaojiang District",Taizhou,Drugs,No 
3002806475,Zydus Lifesciences Limited,"Plot Number 26 to 29 and 31, Dabhasa Umaraya Road,","Dabhasa, Vadodara",Drugs,No 
3003657686,"Fujian Kerui Pharmaceutical Co., Ltd.","No., Niuzhai Area",Fuqing,Drugs,No 
3003908605,Viyash Life Sciences Private Limited,"Unit-I, Plot No. 1-A/2 and 1-A/3, MIDC, Industrial Area, Taloja","Panvel, Raigad",Drugs,No 
3006337946,"Shanghai SynTheAll Pharmaceutical Co., Ltd.",No 9 Yuegong Road,Jinshan District,Drugs,No 
3034885653,"Gil Fernandez-Yera, M.D.","Advance Clinical Research Network, Corp., 1221 Sw 27th Ave Ste 301",Miami,Drugs,No 
3009525820,"Shandong Haiyan Medical Manufacture Co., Ltd.",No. 1 Haiyan Road,Xintai,Drugs,No 
3004606446,Absolutely Natural,640 Atlantis Rd,Melbourne,Drugs,Yes
1000113139,Rockledge Pharmaceutical Manufacturing LLC,417 Richard Rd,Rockledge,Drugs,Yes
3010802167,"Biohaven Pharmaceuticals, Inc",215 Church St,New Haven,Drugs,No 
3034925305,"Zaina Al-Mohtaseb, MD","Whitsett Vision Group, 1237 Campbell Rd",Houston,Drugs,No 
2431898,"Time-Cap Laboratories, Inc.",7 Michael Ave,Farmingdale,Drugs,Yes
3002807742,Teva Canada Limited,575 Hood Rd,Markham,Drugs,Yes
3036650664,"Shaila U. Gogate, M.D.",125 Rampart Way Ste 100,Denver,Drugs,Yes
3011645772,Kun Tuo Xincheng Pharmaceutical Research & Development,"West Tower, Huijing 7th Floor, No. 12 Jianguomenwai South Da Street",Chaoyang District,Drugs,No 
3036453349,"Fortrea, Inc.","New Bund International Square Level, 3",Shanghai,Drugs,No 
3035158209,"Kevin Stein, M.D.","Objective Health/The Skin Surgery Center For Clinical Research, 725 Highland Oaks Dr Ste 106",Winston Salem,Drugs,Yes
3015156709,"BPI Labs, LLC",12393 Belcher Rd S Ste 450,Largo,Drugs,Yes
3015156709,"BPI Labs, LLC",12393 Belcher Rd S Ste 450,Largo,Drugs,Yes
2243092,Everest Life Sciences LLC,31 Schalks Crossing Rd,Plainsboro,Drugs,Yes
3002768455,E-Beam Services Inc,2775 Henkle Dr,Lebanon,Drugs,No 
3013020160,"Englewood Lab, Inc",20 Campus Rd,Totowa,Drugs,Yes
1000306997,"P & L Development, LLC",200 Hicks St,Westbury,Drugs,No 
1000122400,"Catalent Pharma Solutions, LLC",1100 Enterprise Dr,Winchester,Drugs,Yes
1219963,Twincraft Inc.,2 Tigan St,Winooski,Drugs,No 
3012341472,Glaukos Corporation,229 Avenida Fabricante,San Clemente,Drugs,Yes
1000103389,Clario Inc.,1818 Market St Ste 2600,Philadelphia,Drugs,No 
3015497585,TTY Biopharm Company Limited Lioudu Factory,"Qidu District, No. 5 Gongjian West Rd.; Qidu Dist.",Keelung City,Drugs,No 
3001677091,Medefil Incorporated,250 Windy Point Dr,Glendale Heights,Drugs,No 
3010345849,"RD2RX, LLC",16825 W 116th St,Lenexa,Drugs,No 
2917293,"Genentech, Inc.",1 Dna Way,South San Francisco,Drugs,No 
3017298490,August Bioservices LLC,1845 Elm Hill Pike,Nashville,Drugs,No 
3036194617,"Matthew A. Cunningham, M.D.","Florida Retina Institute, 95 Columbia St",Orlando,Drugs,Yes
1111503,"C. B. Fleet Company, Inc.",4615 Murray Pl,Lynchburg,Drugs,Yes
3009395771,"Sun Pharmaceutical Industries, Inc.",29 Dunham Rd,Billerica,Drugs,Yes
3011400787,Curium US LLC,14395 Bergen Blvd,Noblesville,Drugs,No 
3011298530,"Joel M. Neutel, M.D.",25381 Commercentre Dr,Lake Forest,Drugs,No 
3035553227,"Sheng-Han Kuo, MD",650 W 168th St Rm 305,New York,Drugs,No 
3036510234,"Rebecca D. Ganetzky, M.D.",3401 Civic Center Blvd Ste 9026,Philadelphia,Drugs,No 
3008203744,PETNET Solutions Inc,7048 S 188th St,Kent,Drugs,Yes
3003723117,SRI Krishna Pharmaceuticals Ltd - Unit I,"C - 4 Industrial Area, Medchal - Malkajgiri; Uppal Khalsa",Hyderabad,Drugs,No 
3002917378,"Zhejiang Haizhou Pharmaceutical Co., Ltd.","NO. 19 Donghai 5th Ave, Yanhai Industrial Zone",Linhai,Drugs,No 
3003657871,"Zhejiang Huayi Pharmaceutical Co., Ltd.","15 Shuanglin Road, Fotangzhen Yiwu",Jinhua,Drugs,No 
3008494993,Synbiotics Limited,"571 - 576 A Plot No 570, Maitry Marg; Ecp Canal Road",Luna,Drugs,No 
3009648228,Dr. Sabharwals Wound Care,"137 Po Barotiwala, Tehsil Kasauli; Khasra No",Buranwala,Drugs,No 
3033712377,"Fantastic Bioimaging Co., Ltd.","No. 958 Zhenbei Road, Putuo District",Shanghai,Drugs,No 
3007886378,"Caicun Zhou, MD","No. 507 Zhengmin Road, Yangpu District",Shanghai,Drugs,No 
3036712888,"Patrick J. Kelty, M.D.",2424 Century Pl Se,Hickory,Drugs,No 
3034961569,"John F. Zwetchkenbaum, M.D.","Care Access Research, 470 Toll Gate Rd Ste 103",Warwick,Drugs,No 
3035931816,"Amir Hamrahian, M.D.","Osler Bldg, 600 N Wolfe St Ste 402",Baltimore,Drugs,No 
3002715502,"Cayman Chemical Company, Inc.",1180 E Ellsworth Rd,Ann Arbor,Drugs,No 
3002394098,"Yancheng Suhai Pharmaceutical Co., Ltd. 0086 515 8328 7829","Huafeng Industrial Park, Dafeng Ocean Development Zone Dafeng District",Yancheng,Drugs,No 
3034460219,"Mindaugas Jievaltas, MD, PhD",Eiveniu G. 2,Kovno,Drugs,No 
1816403,"DDP Specialty Electronic Materials US 9, LLC",1635 N. Gleaner Rd.,Hemlock,Drugs,No 
3013703000,Ailex Pharmaceuticals LLC,16825 W 116th St,Lenexa,Drugs,Yes
3027872855,Ehsan NMI Sadri MD,361 Hospital Rd Ste 324,Newport Beach,Drugs,Yes
3035154386,"Leslie L. Muldoon, Ph.D.","Oregon Health & Science University Department Of Neurology, 3181 Sw Sam Jackson Park Rd",Portland,Drugs,No 
3035553877,"Jeremy Schmahmann, M.D.",101 Merrimac St Ste 300,Boston,Drugs,No 
3035385241,"Nazanin Majd, M.D.",1515 Holcombe Blvd,Houston,Drugs,No 
3035343375,"Rafael Chiong, M.D.","Kendall South Medical Center, Inc., 14740 Sw 26th St Ste 107",Miami,Drugs,No 
3004293539,Sharp Mint Limited,"C - 03 Sma Cooperative Industrial Estate, G T Karnal Road",Delhi,Drugs,No 
3003990527,AnaBioTec nv,Noorwegenstraat 4,Evergem,Drugs,No 
3002864625,Particle Dynamics LLC,2223 Killion Ave,Seymour,Drugs,No 
2523447,Pharmaloz Manufacturing Inc.,500 N 15th Ave,Lebanon,Drugs,Yes
2919184,"Columbia Cosmetics Manufacturing, Inc.",1661 Timothy Dr,San Leandro,Drugs,Yes
3001195380,"BLI International, Inc.",75 N Industry Ct,Deer Park,Drugs,No 
3011324276,"Gerard Vockley, MD, PhD",4401 Penn Ave,Pittsburgh,Drugs,No 
3036511205,"Russ Saneto, M.D.",4800 Sand Point Way Ne,Seattle,Drugs,No 
3023116,RNA Bio/Pharma Inc,19470 Navarre Coulee Rd,Chelan,Drugs,Yes
3003937591,"Actavis Laboratories FL, Inc.",13900 Nw 2nd St Bldg A,Sunrise,Drugs,No 
3017065219,"Dalian Daxin Nonwoven Technology Co., Ltd.","No. 369 Jinwan Road, Jinzhou District",Dalian,Drugs,No 
3005408438,Sri Krishna Pharmaceuticals Limited - Unit IV,"Survey 296/7/10 Ida Bollaram, Jinnaram Mandal",Sangareddy,Drugs,No 
3004268442,Evonik Rexim (Nanning) Pharmaceutical Co. Ltd.,"46 Wen Jiang Road, Chengxiangzhen Wumingxian",Nanning,Drugs,No 
3002806423,NTP Radioisotopes SOC Ltd.,"Elias Motsoaledi St. Extension R104, Pelindaba Brits Magisterial Di Mad",Brits,Drugs,No 
3004944662,"Zhejiang Apeloa Jiayuan Pharmaceutical Co., Ltd.",Hengdian Industrial Zone,Dongyang,Drugs,No 
3005164365,"Bieffe Medital, S.A.",Carretera N - 260 S/N,Sabinanigo,Drugs,No 
3010806039,Blossom Pharmaceuticals,Plot No. 21/22 Bardez Blossom Pharmaceuticals Karaswada-Tivim,"Bardej, Goa",Drugs,Yes
3033605683,"Narendra Babu, MBBS","Site No. 2, Bommasandra Industrial Area, Phase Iv, Jigani Link Road, Apotex Research Pvt. Ltd.",Bagalore,Drugs,No 
3033814207,"Jose Manuel Novoa Pizarro, MD","Esperanza 2150, Hospital Padre Hurtado",San Ramon,Drugs,No 
3008410555,"John Mark Joyce, M.D.","Clinical Neuroscience Solutions, Inc., 5200 Belfort Rd Ste 420",Jacksonville,Drugs,No 
1416209,Paket Corp,9165 S Lake Shore Dr,Chicago,Drugs,Yes
3007178576,SGS Analytics Switzerland AG,Sternenfeldstrasse 14,Birsfelden,Drugs,No 
3008822486,Delcath Systems Inc.,566 Queensbury Ave,Queensbury,Drugs,No 
1610608,Kavis Pharma LLC,12720 Dairy Ashford Rd,Sugar Land,Drugs,Yes
3010640252,Daniel Gaudet,930 Jacques-Cartier St E Bureau B-210,Chicoutimi,Drugs,No 
1028892,Liebel-Flarsheim Company LLC,8800 Durant Rd,Raleigh,Drugs,Yes
3036500525,"Sait Ashina, M.D.","Beth Israel Deaconess Medical Center, 330 Brookline Ave",Boston,Drugs,Yes
3002657995,"GRAM Laboratories, Inc.",1761 Kaiser Ave,Irvine,Drugs,Yes
1000526900,"DermaRite Industries, LLC",7777 W Side Ave,North Bergen,Drugs,Yes
3014228730,"Christopher M. Pieczonka, M.D.",1226 E Water St,Syracuse,Drugs,No 
3000717960,"Playtex Manufacturing, Inc.",1905 Progress Way,Sidney,Drugs,Yes
3029809060,"Hany A. Elbeshbeshy, M.D.",3545 Lafayette Ave Fl 2,Saint Louis,Drugs,No 
3009666037,3M Company IRB,3m Center Building 220-7e-06,Saint Paul,Drugs,No 
3023361534,"Maria J. Gutierrez, M.D.","Watson Therapeutics, Inc., 3400 Enterprise Way",Miramar,Drugs,No 
3034686212,Monica Lis Casalnuovo,"Juncal 2222, Ground And First Floor, Caba",Ciudad Autonoma De Buenos Aires,Drugs,No 
3005779557,"Formulated Solutions, LLC",11775 Starkey Rd,Largo,Drugs,Yes
3006332740,"PPD, Inc., part of Thermo Fisher Scientific",3900 Paramount Pkwy,Morrisville,Drugs,No 
1047293,USAntibiotics LLC,201 Industrial Dr,Bristol,Drugs,Yes
3010786925,"Vania T. Hungria, M.D.","Rua Comendador Miguel Calfat, 217",Sao Paulo,Drugs,No 
2023910,"CA BOTANA International, Inc.",9505 Chesapeake Dr,San Diego,Drugs,Yes
3014319173,"Imaging Endpoints II, LLC",7150 E Camelback Rd Ste 120,Scottsdale,Drugs,No 
3035385230,"Marissa A. Barbaro, M.D.","Laura And Isaac Perlmutter Cancer Center, 530 1st Ave Ste 10w",New York,Drugs,No 
3018518038,"Silicon Valley Innovations, Inc.",755 Baywood Dr,Petaluma,Drugs,Yes
3012079737,Spencer Specialty Products Inc,8004 W Woodlark St,Boise,Drugs,Yes
3003674637,"Qilu Pharmaceutical Co., Ltd.","No. 23999 Gongyebei North Rd, Licheng District",Jinan,Drugs,No 
3011603969,"Jiangsu Hengrui Pharmaceuticals Co., Ltd.","7 Kunlunshan Road, Economic And Technological Development Zone",Lianyungang,Drugs,No 
3002806969,"Fine Chemicals Corporation (PTY), Ltd.","15 Hawkins Avenue,",Goodwood,Drugs,No 
3013931875,"QuVa Pharma, Inc.",519 State Route 173,Bloomsbury,Drugs,Yes
3005632618,Zhejiang ChemPacific Corporation,"East Blvd, Jiaxiang Port, Zhapu",JiaXing,Drugs,No 
3014544712,"Foresee Pharmaceuticals Co., Ltd",550 S College Avenue Suite 107,Newark,Drugs,No 
3034419134,"Lianne Marks, M.D.",3005 Carrington Mill Blvd Ste 500,Morrisville,Drugs,No 
3033176989,"Thrive Health and Wellness, LLC, dba Thrive Health Solutions (Colorado)",88 Inverness Cir E Unit A204,Englewood,Drugs,No 
3002936358,"Amphastar Pharmaceuticals, Inc.",11570 6th St,Rancho Cucamonga,Drugs,No 
3001236995,Insmed Incorporated,700 Us Highway 202/206,Bridgewater,Drugs,Yes
3035529248,"Robert Fryer, M.D., PhD",222 E 41st St Fl 15,New York,Drugs,No 
3004028652,"Jed C. Kaminetsky, M.D.",145 E 32nd St Fl 10,New York,Drugs,No 
3035529243,"Michio Hirano, M.D.","New York Presbyterian, 630 W 168th St",New York,Drugs,No 
3014089769,"Robert B. Molpus, M.D.",618 E South St Ste 100,Orlando,Drugs,No 
3000719870,Kath Khemicals LLC,51821 Industrial Dr,Macomb,Drugs,Yes
3032425673,"Nikolaos Zias, M.D.","Athens Naval Hospital, Dinokratous 70; Street",Athens,Drugs,No 
3011620972,"Wuzhou Huangpu Chemical Pharmaceutical Co., Ltd.","No. 1 Wusong Road, Wanxiu District",Wuzhou,Drugs,No 
3034996392,"Sara N. Llerena, M.D.",110 Nw 27th Ave,Miami,Drugs,No 
3033910730,Alexis Baass,110 Des Pins Ave W,Montreal,Drugs,No 
1910143,Veterans Affairs Nebraska-Western Iowa Health Care System IRB,4101 Woolworth Ave,Omaha,Drugs,No 
1000138339,"Central Solutions, Inc.",401 Funston Rd,Kansas City,Drugs,Yes
3018262859,"Prime Analytical Laboratories, LLC",4055 Nelson Ave,Concord,Drugs,No 
3004864046,Apicore US LLC,148 Princeton Hightstown Rd Ste 300,East Windsor,Drugs,No 
3003324648,DHL Supply Chain (Netherlands) BV,Bijsterhuizen 3142,Wijchen,Drugs,No 
3033256534,Katarzyna Bartnicka Maslowska MD,Ul. Gruszowa 2,Lodz,Drugs,No 
3035385247,Isabel Arrillaga-Romany,101 Merrimac St,Boston,Drugs,No 
3034459791,"Nimesh P. Nagarsheth, M.D.","Englewood Community Hospital/Englewood Health, 350 Engle St",Englewood,Drugs,Yes
3036194606,"Ashkan Pirouz, M.D.","Retina Consultants Of Orange Country Clinical Research Institute, Inc., 301 W Bastanchury Rd Ste 285",Fullerton,Drugs,Yes
3033814158,Maria Candela Etchegaray,"Hospital Militar Central Cir Mayor Cosme Argerich, Avenida Luis Maria Campos 726, 8th Floor, Caba",Buenos Aires,Drugs,No 
3031878888,"Shreyas Ketkar, M.B.B.S","302 Synergen Bio Pvt., Unit No 101 - 104; Old Mumbai Pune Highway; Ltd.",Pune,Drugs,No 
1000515343,"Murty Pharmaceuticals, Inc",518 Codell Dr,Lexington,Drugs,Yes
1117550,"Cosmetic Essence, LLC.",4411 Plantation Rd Ne,Roanoke,Drugs,Yes
3001238742,"WuXi AppTec Co., Ltd./Xenobiotic Laboratories, Inc.",107 Morgan Ln,Plainsboro,Drugs,No 
3034925322,"Jose Valdez Ramalho Madruga, MD","Rua Santa Cruz, 81, Vila Mariana Casa De Pesquisa",Sao Paulo,Drugs,No 
3034992526,"Ferdinandos Skoulidis, M.D.",1515 Holcombe Blvd Md Anderson Cancer Center U Of T,Houston,Drugs,No 
3009546871,AIT Biosciences,7840 Innovation Blvd,Indianapolis,Drugs,No 
3000203007,Element Materials Technology Pharma US LLC,9240 Santa Fe Springs Rd,Santa Fe Springs,Drugs,No 
3008861605,"Amneal Pharmaceuticals, LLC",1045 Centennial Ave,Piscataway,Drugs,No 
3004865166,Rigel Pharmaceuticals Inc,611 Gateway Blvd Ste 900,South San Francisco,Drugs,No 
3019463,Fred Hutchinson Cancer Research Center - IRB,1100 Fairview Ave N Mailstop: J6-110,Seattle,Drugs,No 
3013944676,Annora Pharma Private Limited,"Sy. No.261, Plot No. 13 And 14, Annaram Village, Gummadidal Mandal, Jinnaram Mandal, Sangareddy District, Medak",Hyderabad,Drugs,No 
3017501030,ONESOURCE SPECIALTY PHARMA LIMITED,"Itc Building Obadenahalli Plot No : 2 - D1, 3rd Phase; Kiadb Industrial Are",Bengaluru,Drugs,Yes
3010027650,"AAA Pharmaceutical, Inc.",681 Main St,Lumberton,Drugs,Yes
3015976865,HUTCHMED (Suzhou) Limited,"Building C32, No. 188 Dongping Street; Bachengzhen Kunshan",Suzhou,Drugs,No 
3008240723,"Bloomage Biotechnology Corp., Ltd.","678 Tianchen Road, Hi-Tech Development Zone",Jinan,Drugs,No 
3000219354,IDT Australia Ltd.,45 Wadhurst Dr,Boronia,Drugs,No 
3033983108,"Fredrik H. Schjesvold, MD, PhD","Oslo Myeloma Center, Kirkeveien 166, Building 20",Oslo,Drugs,No 
3002716636,Olon S.p.A.,Strada Provinciale Rivoltana 6/7,Rodano,Drugs,No 
3009208529,Marta Beatriz Quesada Ramirez,"Calle 34 Esquina c/ Avenue Balboa, Edificio de la Consulta Externa Primer Piso, Consultorio #7",Panama City,Drugs,No 
3003704959,"Guilin China Resources Tianhe Pharmaceutical Co., Ltd.","Lushan Industrial Park, 1 Lushan Road; Linguixian",Guilin,Drugs,No 
3009834747,Azidus Laboratories Limited,No 23 School Rd,Chennai,Drugs,No 
3033176064,"Anna Strzelecka, MD",Aleja Marsz. Jozefa Pilsudskiego 9,Lodz,Drugs,No 
3004301175,Afriplex (Pty) Ltd.,10 De Vreugde Crescent,Paarl,Drugs,Yes
3032426892,"Kosmas Kazanas, M.D.","Euro Kyanous Stavros Hospital, Vizados & Viziis 1",Thessaloniki,Drugs,No 
3011903543,"Chongqing Carelife Pharmaceutical Co., Ltd.","2 The Third Branch Road, Huanan Road, Yanjia, Changshou",Chongqing,Drugs,No 
3034996377,"Victor H. Cambursano, M.D.","Instituto De Medicina Respiratoria, Avenida Colon 2057",Cordoba,Drugs,No 
3003925108,Amol Pharmaceuticals Private Ltd.,Plot No E1 - 362 - 363 - 364,Sitapura Industrial Area,Drugs,No 
3033713788,"Haiyan Yang, Chief Physician","No. 283 Tongzipo Rd., Yuelu District",Changsha,Drugs,No 
3033712708,Yongchang Zhang,"Xianjiahu 582 No., Yuelu District",Changsha,Drugs,No 
3012129555,Acme United Corporation,301 Marianne St,Brooksville,Drugs,Yes
3010235999,APIPHARMA  d.o.o,Papucka Ulica 6,Nasice,Drugs,Yes
3033202979,Senores Pharmaceuticals,9488 Jackson Trail Rd,Hoschton,Drugs,Yes
3033886254,Manuel Rodrigues,"Institut Curie, Departement D Oncologie Medicale, 26 Rue D Ulm",Paris 5e Arrondissement,Drugs,No 
1111567,Noxell Corporation,11050 York Rd,Hunt Valley,Drugs,No 
1819470,Eli Lilly & Company,839 S Delaware,Indianapolis,Drugs,No 
3013927023,"Apollo Care, LLC",3801 Mojave Ct Ste 101,Columbia,Drugs,Yes
3017099224,Eurofins Infinity Laboratories Group,10151 Pacific Mesa Blvd Ste 107,San Diego,Drugs,No 
2211017,Merck & Co. Inc,126 E Lincoln Ave,Rahway,Drugs,No 
1000132299,Owen Biosciences Inc.,7053 Revenue Dr,Baton Rouge,Drugs,Yes
3035257374,"Samuel M. Alexander, M.D.",4720 S I 10 Service Rd W Ste 200,Metairie,Drugs,No 
3006892202,"PhytogenX, Inc.",35 Thousand Oaks Blvd,Morgantown,Drugs,Yes
3003494567,ICON PLC,"Arborcrest Corporate Campus, 731 Arbor Way Ste 100",Blue Bell,Drugs,No 
3012719046,"Inner Mongolia Glint Pharmaceutical Co., Ltd.","Hongshan Economic, North Weixin Road; Developing Zone",Chifeng,Drugs,No 
3002865753,Novartis Pharma Schweizerhalle Ag,Rothausstrasse 61,Pratteln,Drugs,No 
3003585629,Laborchemie Apolda GmbH,Utenbacher Str. 72- 74,Apolda,Drugs,No 
3006599894,Enaltec Labs Private Limited,"Additional Ambernath Midc Plot No N - 61 Anand Nagar, Ambernath East",Kalyan,Drugs,Yes
3034996360,"Barry W. Sigal, M.D.","Southeastern Research Center, 2932 Lyndhurst Ave",Winston Salem,Drugs,No 
3007963810,"Nature's Innovation, Inc.",5317 Palmero Ct,Buford,Drugs,No 
3035529250,"Alexei A. Grom, M.D.","Cincinnati Childrens Hospital Med Ctr, 3333 Burnet Ave",Cincinnati,Drugs,Yes
1922337,"Fuller Industries, Inc",1 Fuller Way,Great Bend,Drugs,Yes
3023604380,"BRS Analytical Services, LLC",11697 Lakeside Crossing Ct,Saint Louis,Drugs,No 
3036724743,Creative Essences Inc.,9825 Bell Ranch Dr,Santa Fe Springs,Drugs,Yes
3010680515,US Specialty Formulations LLC,1401 S Albert St,Allentown,Drugs,Yes
2650090,Baxter Healthcare Corporation,Route No. 3 Km 144.2,Guayama,Drugs,Yes
3010143501,Forward Science Technologies LLC,10810 Craighead Dr,Houston,Drugs,Yes
3026300947,"Jiangsu Yuanchuang Pharmaceutical Research and Development Co., Ltd. Analysis and Testing Branch","Avenue, 567-3 Huaguoshan Bei Road; Economic And Technological",Lianyungang,Drugs,No 
3006349554,Creative Essences Inc,15320 Cornet St,Santa Fe Springs,Drugs,Yes
3035257381,"Andre Witkin, M.D.",800 Washington St # 450,Boston,Drugs,No 
3011875665,Tulex Pharmaceuticals Inc.,5 Cedarbrook Dr,Cranbury,Drugs,Yes
3035385117,"Anupama Nehra, M.D.",205 S Orange Ave # B1115,Newark,Drugs,Yes
3012061714,"Aprecia Pharmaceuticals, LLC",7200 Industrial Row Dr Ste 200,Mason,Drugs,Yes
1283252,U. of Connecticut Hlth Ctr. IRB,263 Farmington Ave,Farmington,Drugs,No 
3012301642,Fruit of the Earth Inc.,3324 W. Trinity Blvd.,Fort Worth,Drugs,Yes
3002979812,"Sarati International, Inc",27502 Ted Hunt Rd,Los Fresnos,Drugs,No 
3010547255,"James H. Peace, M.D.",433 N Prairie Ave,Inglewood,Drugs,No 
3033605699,"Marc R. Bloomenstein, O.D.","Mrb Consultants, Llc, 8776 E Shea Blvd Ste 106-1067",Scottsdale,Drugs,Yes
1000221129,Tangram Chemical LLC,125 Corporate Dr,Holtsville,Drugs,No 
2937960,Formulation Technology LLC,571 Armstrong Way,Oakdale,Drugs,Yes
3005851210,Aragen Life Sciences Limited,"Manufacturing Unit I, Plot 28a, Ida, Nacharam, Uppal Mandal, Medchal - Malkajgiri District",Hyderabad,Drugs,No 
3009271645,"Zhejiang Jiuzhou Pharmaceutical Sci-Tech Co., Ltd","No. 1889 Jingliu Road, Linjiang Industrial Zone",Hangzhou,Drugs,No 
3008245746,"Jiangsu Weiqida Pharmaceutical Co., Ltd.","No. 1 Linjiang Avenue, Linjiang Town",Nantong,Drugs,No 
3007060980,"Asymchem Life Science (Tianjin) Co., Ltd.","No 71 7th Avenue, Teda",Tianjin,Drugs,No 
3008929107,"CSPC Weisheng Pharmaceutical (Shijiazhuang) Co., Ltd.","High-Tech, No. 898 Zhongshan E. Road; Industrial Development Zone",Shijiazhuang,Drugs,No 
3034885647,"Esteban Olivera, M.D.",1551 Sandspur Rd Ste 100,Maitland,Drugs,No 
3033260025,"Nitin Kulkarni, MBBS","And 8, Survey No 81; 1st And; Mumbai Bengaluru Highway; 7 Burger King Building; 2nd Floor",Pune,Drugs,No 
3009882464,"Synergy Health AST, LLC",7225 N Noah Dr,Saxonburg,Drugs,No 
3033552895,"Petar Bilic, MD, PhD","Klinika Za Psihijatriju Vrapce, Zavod Za Psihoticne Poremecaje Muski, Bolnicka Cesta 32",Zagreb,Drugs,No 
3015595878,Scitus Pharma Services Pvt Ltd,2/294 D R R Avenue,Chennai,Drugs,No 
3018055467,"Sanxia Pharmaceutical (Hubei Yichang Xiaoting) Co., Ltd.","No. 59 Taozichong Road, Xiaoting District",Yichang,Drugs,No 
3027129265,"Nanjing Cuccess Pharmaceutical Co., Ltd.","Nanjing Economic, 20 Xingang Avenue; Nanjing Jingji Jizhu Development Zone",Nanjing,Drugs,No 
3003971663,SMS Pharmaceuticals Limited,"Unit Ii - Plot # 24 & 24b, 36-37, S.V. Co-Operative Industrial Estate","Bachupally, Medchal-Malkajgiri District, Hyderabad",Drugs,No 
3004090027,Mayne Pharma International PTY LTD,1538 Main North Rd,Salisbury South,Drugs,Yes
3007501748,Alembic Pharmaceuticals Ltd.,Survey No 842 - 843,Padra,Drugs,No 
3005793293,"Aurisco Pharmaceutical Co., Ltd","No.1 Longxing Road, Badu Industrial Park","Tiantai, Taizhou",Drugs,No 
3033334533,Feng Liu,"No. 283 Tongzipo Road, Yuelu District",Changsha,Drugs,No 
3008280114,"Tongling Jieya Biologic Technology Stock Co., Ltd.","No. 528 Dizhi Avenue, Shizishan District",Tongling,Drugs,No 
3012626551,Eurofins Pharmaceutical Product Testing Belgium NV,Venecoweg 5,Nazareth,Drugs,No 
3034996368,"Maria Cristina De Salvo, M.D., Ph.D.","Centro Medico Dra De Salvo, Pisos 1a, 6, 7",Ciudad Autonoma De Buenos Aires,Drugs,No 
3016946731,"Sichuan Renan Pharmaceutical Co., Ltd","Renan Section, No. 9 Jinlong Street; Yuechixian",Guangan,Drugs,No 
3032847780,Hilda A. Mujuru,"2 Allan Wilson Avenue, Belgravia",Harare,Drugs,No 
1048788,Pharmco Laboratories Inc.,1700 Armstrong Dr,Titusville,Drugs,Yes
1310197,GC Hanford Manufacturing Company,304 Oneida St,Syracuse,Drugs,Yes
1926213,St. Louis University IRB,1402 South Grand Blvd Schwitalla Hall Suite M238,Saint Louis,Drugs,No 
3006559899,Rubicon Research Private Ltd,"Medone House B - 75, Road No 33",Thane,Drugs,No 
3009478588,"Hubei Honch Pharmaceutical Co, Ltd.","Lishizhen Pharmaceutical Industry Park, Qichun County",Huanggang,Drugs,No 
3013644403,"Grzegorz Kania, MD",Ulica Ogrodowa 21/23,Skierniewice,Drugs,No 
3015795532,Jost Chemical Poland,Ul. Gen. Kazimierza Pulaskiego 7,Koscian,Drugs,No 
1811666,L. Perrigo Company,515 Eastern Ave,Allegan,Drugs,Yes
3018521591,Vege Labs LLC,412 W Cypress St,Glendale,Drugs,Yes
3034885642,"Scott N. Losk, Ph.D.","Summit Research, 2701 Nw Vaughn St Ste 350",Portland,Drugs,No 
3004547326,"Shanghai Wonder Pharmaceutical Co., Ltd.","No. 298 Huachuang Road, Jinshan",Shanghai,Drugs,No 
3004414612,Chimerix Inc,2505 Meridian Pkwy,Durham,Drugs,No 
3022352136,Brittonfield Laboratories Inc.,5063 Brittonfield Pkwy,East Syracuse,Drugs,Yes
2244725,Acupac Packaging Inc,55 Ramapo Valley Rd,Mahwah,Drugs,Yes
2418643,The Estee Lauder Inc.,350 S Service Rd,Melville,Drugs,No 
3030644374,"Komal L. Jhaveri, M.D.","Memorial Sloan Kettering Cancer Center, 1275 York Ave",New York,Drugs,No 
3006317477,"Acuity Specialty Products, Inc.",800 Development Ave,Chambersburg,Drugs,Yes
3005117563,"KVK Tech, Inc.",110 Terry Dr,Newtown,Drugs,Yes
2912388,"Libby Laboratories, Inc.",1700 6th St,Berkeley,Drugs,Yes
3005466325,Apotex Pharmachem India Pvt Ltd.,"Plot 1a Bommasandra Industrial Area 4th Phase, Jigani Link Road, Bommasandra Ind. Estate",Bangalore,Drugs,No 
3002093078,Vasudha Pharma Chem Limited,"Unit-I, Plot No. 37/A, 38, 39 A & B, Phase-1, IDA, Jeedimetla",Hyderabad,Drugs,No 
3010820594,"Han Hui Pharmaceuticals Co., Ltd","No. 2 Haizheng Road, Xukouzhen Fuyang",Hangzhou,Drugs,No 
3003878169,"Zhejiang Chiral Medicine Chemicals Co., Ltd.","Nanyang, Economy Development Zone Xiaoshan District",Hangzhou,Drugs,No 
3018262809,"Merck Life Science Technologies (Nantong) Co., Ltd.","No. 39 Jiang Gang Road, Chongchuan",Nantong,Drugs,No 
3021190106,"Shandong Chenghui Shuangda Pharmaceutical Co., Ltd.","Pingyuan County, Economic Development Zone",Dezhou,Drugs,No 
3023338181,"Shandong Anxin Pharmaceutical Co., Ltd. (Laoling site)",Circular Economy Demonstration Park,Dezhou,Drugs,No 
3033333186,"Dr. Song Qu, MD","Guangxi Medical University Cancer Hospital, 71 Hedi Road; Qingxiu District",Nanning,Drugs,No 
3034421965,"Asim Roy, M.D.","Ohio Sleep Medicine And Neuroscience Institute, 4975 Bradenton Ave",Dublin,Drugs,Yes
3032847148,"Renate Strehlau, PhD","Rahima Moosa Mother And Child Hospital Corner Of Fuel Road And Oudtshoorn Street,",Johannesburg,Drugs,No 
3008705620,"Esteve Huayi Pharmaceutical Co., Ltd.","Yuecheng, Linhai Road; Doumenzhen Yuecheng",Shaoxing,Drugs,No 
3012564253,9338-9641 Quebec Inc.,1905 Lionel-Bertrand Blvd,Boisbriand,Drugs,Yes
3010728912,"Zhejiang Kangle Pharmaceutical Co., Ltd (Binhai Plant)","Binhai Industrial Park, No. 555 The 8th Binhai Rd.; Longwan District",Wenzhou,Drugs,No 
3001237276,"FluoroMed Products, L.P.",2350 Double Creek Dr,Round Rock,Drugs,No 
3013321339,"Taizhou Kangping Medical Science And Technology Co., Ltd.","Hailing Industrial Park, 27 Tai'An Road",Taizhou,Drugs,Yes
3002806664,Laxai Life Sciences Private Limited,"Plot No. 9/A, Phase-III, Jeedimetla, Quthubullapur",Medchal-Malkajgiri,Drugs,No 
3003696998,Zydus Lifesciences Limited,"Plot No 291, Gidc Estate",Ankleshwar,Drugs,No 
3002806924,Erregierre S.p.A.,Via Francesco Baracca 19,San Paolo d'Argon,Drugs,No 
3002807586,Kindeva Drug Delivery Limited,Derby Road,Loughborough,Drugs,No 
3033883822,"Els Van Nieuwenhuysen, MD","Uz Leuven, Here Straat 49",Leuven,Drugs,Yes
3008828051,Zhejiang Yongtai Pharmaceutical Co. Ltd,"Zhejiang Provincial Chemical & Medical Raw Material Base, No. 1 4th&8th Donghai Avenue; Linhai Zone",Linhai,Drugs,No 
3033042744,"Andrzej Lewinski, MD, Ph.D.","Rzgowska 281/289 Street, Department Of Endocrinology And Metabolic Diseases, Polish Mothers Memorial Hospital Research Institute",Lodz,Drugs,No 
3010186780,China Ningbo Shangge Cosmetic Technology Corp.,"Kandun Ind. Park, 99 Dasheng Road (West Of West No.2); Cixi",Ningbo,Drugs,Yes
3004664441,"Nanjing King-Friend Biochemical Pharmaceutical Co., Ltd.","MA010-1, Nanjing High and New Technology Development Zone",Nanjing,Drugs,No 
3004202226,"Wuhan Biocause Pharmaceutical Development Co., Ltd.","Bldg. 1, 4th Floor, Zhuankou Economic Development, Hi-Tech Industrial Park",Wuhan,Drugs,No 
3004363818,"Mayinglong Pharmaceutical Group Co., Ltd.","100 Zhoujiawan, Nanhu, Hongshan District",Wuhan,Drugs,Yes
3007197995,Shilpa Pharma Lifesciences Limited,"Unit 2, Plot No.33,33A & 40 to 47, Raichur Industrial Growth Centre","Chicksugur, Raichur",Drugs,No 
3030460504,Veerhealth Care Ltd,"Plot No 224, Block No 846, Vibrant Business Park, Opp. Upl Nh 8","Vapi, Valsad",Drugs,No 
3016784508,"Hubei JXBio Pharmaceutical Co., Ltd.","Xian'An Economic, No. 9 Lvshan Road; Xianan District",Xianning,Drugs,No 
3012026286,Chae Organics LLC,23300 Us Highway 160,Walsenburg,Drugs,Yes
3012760695,"Jurong Dongfa General Merchandise Co., Ltd","50 Meters West Of Baitu, Town Government",Jurong,Drugs,No 
1518957,"Nostrum Laboratories, Inc.",705 E Mulberry St,Bryan,Drugs,Yes
2026154,"Amgen, Inc.",1 Amgen Center Dr,Thousand Oaks,Drugs,Yes
3013326213,"Innogenix, LLC.",8200 New Horizons Blvd,Amityville,Drugs,No 
3022075117,Richard H. Haas M.D.,9500 Gilman Dr,La Jolla,Drugs,No 
3013944676,Annora Pharma Private Limited,"Sy. No.261, Plot No. 13 And 14, Annaram Village, Gummadidal Mandal, Jinnaram Mandal, Sangareddy District, Medak",Hyderabad,Drugs,No 
3033134704,"Saurabh Nemade, MBBS","C - 6/1 C - 6/2 Alkem Laboratories Ltd, Bioequivalence Center; Midc Industrial Estate",Navi Mumbai,Drugs,No 
3004196193,Unique Chemicals (A Division of J.B. Chemicals & Pharmaceuticals Ltd.),"Plot No. 5, Phase Iv, G.I.D.C. Industrial Area, Panoli",Bharuch,Drugs,No 
3010165284,"Hubei Enoray Biopharmaceutical Co., Ltd.","Xiaochi, No. 108 Yanjiang Road; Huangmeixian",Huanggang,Drugs,No 
3026485563,"William J. Howitt, MD",1820 W Mount Vernon St,Springfield,Drugs,No 
3003294404,NuCare Pharmaceuticals Inc,622 W Katella Ave,Orange,Drugs,No 
1000115753,"Lifecore Biomedical, LLC",3515 Lyman Blvd,Chaska,Drugs,Yes
3021601057,"David A. Watson, Psy.D.","Alzheimer's Research and Treatment Center, 2767 S State Road 7 Ste 300",Wellington,Drugs,No 
3021601057,"David A. Watson, Psy.D.","Alzheimer's Research and Treatment Center, 2767 S State Road 7 Ste 300",Wellington,Drugs,No 
3002806294,Alkaloida Vegyeszeti Gyar zartkoruen mukodo Resz.,Kabay Janos Utca 29,Tiszavasvari,Drugs,No 
3010621611,"Gabor Kovacs, M.D., Ph. D.","Semmelweis U., Dept. Of Pediatrics, Tuzolto Utca 7-9",Budapest,Drugs,No 
1037559,Dixon Investments Inc,2523 S Mcdonough Rd,Orchard Hill,Drugs,Yes
3035366243,"David M. Huffman, M.D.",5616 Brainerd Rd,Chattanooga,Drugs,No 
3014801948,"Alexion Pharmaceuticals, Inc.",121 Seaport Blvd,Boston,Drugs,Yes
1000125324,PureTek Corporation,1145 Arroyo St Ste D,San Fernando,Drugs,Yes
2432734,Topiderm Inc.,5200 New Horizons Blvd,Amityville,Drugs,Yes
3005144136,"Teva Branded Pharmaceutical Products R&D, LLC",145 Brandywine Pkwy,West Chester,Drugs,No 
1000119390,"Cambrex Charles City, Inc.",1205 11th St,Charles City,Drugs,No 
3007112162,AnaCipher Clinical Research Organization,"Mirra Kamshetty Mall 2nd, 4th Floor; 3rd And; Ameerprt Main Road",Hyderabad,Drugs,No 
3007112162,AnaCipher Clinical Research Organization,"Mirra Kamshetty Mall 2nd, 4th Floor; 3rd And; Ameerprt Main Road",Hyderabad,Drugs,No 
3032748084,"Himanshukumar Amin, M.D.","Pvt., 2nd Floor; Ltd; 1st And",Vadodara,Drugs,No 
1000513636,"Braintree Laboratories, Inc.",270 Centre St,Holbrook,Drugs,No 
3033814240,Zoe Taryn Franckling Smith,"Mrc Unit On Child And Adolescent Health-Department Of Paediatrics And Child Health, 11 Corner Of Klipfontein And Milner Road Rondebosch Reach Unit B",Cape Town,Drugs,No 
3033814128,"Heather J. Zar, PhD","Mrc Unit On Child And Adolescent Health- Department Of Paediatrics And Child Health, 11 Corner Of Klipfontein And Milner Road Reach",Cape Town,Drugs,No 
3034456968,"Akeso-Sino Pharma Co., Ltd.","28 Xiwan Road, Cuiheng, Nanlang Street",Zhongshan,Drugs,No 
3005183062,"Zhejiang Supor Pharmaceuticals Co., Ltd.","Yuedong Road, Paojiang Industrial Zone",Shaoxing,Drugs,No 
3001956890,PLZ Corp.,6080 Vipond Dr,Mississauga,Drugs,Yes
3004090742,"Zhejiang Cheng Yi Pharmaceutical Co., Ltd.","118 Hua Gong Road, Dongtou District",Wenzhou,Drugs,No 
3012897823,"Changzhou SynTheAll Pharmaceutical Co., Ltd",No. 589 North Yulong Road,Changzhou,Drugs,No 
3007083710,Laboratoire Atlas Inc.,9600 Des Sciences Blvd,Anjou,Drugs,No 
3006493505,Cohance Lifesciences Limited,"Road No. 10, Ida Nacharam, Uppal Mandal, Plot No. A-21 Api Unit-Iv",Medchal-Malkajgiri,Drugs,No 
3013151303,Unique Pharmaceutical Laboratories (A Division of J. B. Chemicals & Pharmaceuticals Ltd),"Phase Iv Plot No 4, Gidc Industrial Estate; Panoli",Ankleshwar,Drugs,No 
3010285715,"Shenzhou Jiheng Pharmaceutical Co., Ltd.","Xijingming Village, Donganzhuang Township, West Of Guoxin Road, Shenzhou",Hengshui,Drugs,No 
3034926573,"Christine A. Tagayun, M.D.","See Clearly Vision, 8138 Watson St Ste 100",Mc Lean,Drugs,No 
3003631275,Zhejiang Medicine Co. Ltd. Xinchang Pharmaceutical Factory,98 East Xinchang Dadao Road,Xinchang,Drugs,No 
3009805706,Amphastar Nanjing Pharmaceuticals Inc,"Nanjing Economic, No 5 Xinghe Road; And Technological Development Zone",Nanjing,Drugs,No 
3008523612,"Yangzhou Perfect Daily Chemicals Co., Ltd.","Hangji Town Industrial Park, Guangling District",Yangzhou,Drugs,Yes
3010163919,"Humanwell PuraCap Pharmaceuticals (Wuhan) Co., Ltd.","East Lake New Technology, No. 99 2nd Shendun Road; Development District",Wuhan,Drugs,No 
3033179020,"Sosana Delimpasi, M.D.","Evaggelismos General Hospital Of Athens, Ipsilantou Street 45-47",Athens,Drugs,No 
3010686159,"Wuhan Wuyao Pharmaceutical Co., Ltd.","Fuchi, 18 Wangfen Road; Yangxinxian",Huangshi,Drugs,No 
3007721548,Softech Pharma Private Ltd.,"Plot No 708 / 6, Behind Somnath Temple,",Daman,Drugs,No 
3007373388,Lab-Service SAS,455 Zone Artisanale Du Verdier,La Roche-Vineuse,Drugs,No 
3008320758,"Shandong Ruiying Pioneer Pharmaceutical Co., Ltd",1777 Kunming Road,Heze,Drugs,No 
3011575652,Front Pharmaceutical PLC,"No. 369 Baocheng Road, Technical Development Zone",Xuancheng,Drugs,Yes
3022190702,"Zhejiang Hengkang Pharmaceutical Co., Ltd","No. 11 Chengen Road, Pubagang Town",Sanmen,Drugs,No 
3025560903,Shilpa Pharma Lifesciences Limited,"Plot No 1a &1a P, 4a 5a 3a To 3e; 4b & 5b Deosugur Industrial Area",Deosugur,Drugs,No 
3033007902,Yanyan Liu,"No. 127 Dongming Road, Cancer Hospital",Zhengzhou City,Drugs,No 
3012384835,SKNV,3265 W Mcnab Rd,Pompano Beach,Drugs,Yes
3007309337,Sterling Distributors,4381 Nw 124th Ave,Coral Springs,Drugs,No 
1210279,"Trividia Manufacturing Solutions, Inc.",89 Bridge St,Lancaster,Drugs,Yes
1000115322,"Sixarp, LLC",7650 Caterpillar Ct Sw Ste D,Grand Rapids,Drugs,No 
3003567870,"David L. Wirta, M.D.","Eye Research Foundation, 520 Superior Ave Ste 235",Newport Beach,Drugs,No 
3002919960,Phillips Medisize LLC,428 Technology Dr E,Menomonie,Drugs,No 
3002806287,Mikrolab Stockholm AB,Kung Hans Vag 3,Sollentuna,Drugs,No 
3017161883,Maria A. Carballosa MD,4395 Palm Ave,Hialeah,Drugs,Yes
3011856815,Colgate-Palmolive Company,5421 Highway 25 N,Hodges,Drugs,No 
3033551567,"John D. Grainger, M.D.","Manchester Royal Infirmary, Oxford Road; England",Manchester,Drugs,No 
3005292565,Self Regional Healthcare IRB,1325 Spring St,Greenwood,Drugs,No 
3012069146,Chromatography Institute  of America,4760 Castleton Way Ste A,Castle Rock,Drugs,No 
3001452204,Asclemed USA Inc. dba Enovachem Pharmaceuticals,379 Van Ness Ave Ste 1403,Torrance,Drugs,No 
3034655845,"Melita L.Tate, M.D.",10100 S Mingo Rd.,Tulsa,Drugs,No 
3002037047,Novartis Manufacturing NV,Rijksweg 14,Puurs-Sint-Amands,Drugs,No 
3005473403,"Robert E. Litman, M.D.",9318 Gaither Rd Ste 220,Gaithersburg,Drugs,No 
1513988,"Kutol Products Company, Inc.",100 Partnership Way,Sharonville,Drugs,Yes
3005524314,"Medpace Core Laboratories, LLC",5375 Medpace Way,Cincinnati,Drugs,No 
3003813327,"Uriel Pharmacy, Inc",N8464 Sterman Rd,East Troy,Drugs,No 
3017502478,"Ian Frank, MD.",3535 Market St Ste 4000,Philadelphia,Drugs,No 
3033910554,"Aldo R. Maspons, M.D.","3a Research Llc. West Location, 125 W Hague Rd Ste 220",El Paso,Drugs,No 
2210396,Novartis Pharmaceuticals Corporation,1 Health Plz,East Hanover,Drugs,No 
1000518899,"Sherif M. El-Harazi, M.D., MPH",1510 S Central Ave Ste 300,Glendale,Drugs,No 
3012681020,"Lifetech Resources, LLC",700 Science Dr,Moorpark,Drugs,Yes
3021637719,"Cytokinetics, Inc.",350 Oyster Point Blvd,South San Francisco,Drugs,No 
3008617115,"Zhejiang Guobang Pharmaceutical Co., Ltd","Hangzhou Gulf Shangyu Economic, No 6 Weiwu Road; And Technological Development Zone",Shaoxing,Drugs,No 
3020840950,"Median Medical Technology (Shanghai) Co., Ltd.","Room 1201-1202, One East Tower C, 768 South 1st Zhongshan Road; Huangpu District",Shanghai,Drugs,No 
3001237796,The Ritedose Corporation,1 Technology Cir,Columbia,Drugs,Yes
3013747223,"ICON, Plc",4130 Parklake Ave Ste 600,Raleigh,Drugs,No 
3012532308,CELESTE INDUSTRIES CORPORATION,8007 Industrial Park Rd,Easton,Drugs,Yes
3034648638,"Taizo A. Nakano, M.D.",13123 E 16th Ave,Aurora,Drugs,Yes
3003878560,"Victor Gonzalez, MD",1309 E Ridge Rd Ste 1,Mcallen,Drugs,No 
3008798401,"SciSafe, Inc.",7 Corporate Dr Unit D,Cranbury,Drugs,No 
3005987763,Jeffrey B. Baker M.D.,187 E 13th St,Idaho Falls,Drugs,No 
3032748700,"Raju Lingumpelly, MBBS","Plot No 38, 3rd And 4th Floors; A Ida; Vibrant Center",Hyderabad,Drugs,No 
3033281778,Sireesha Yareeda,"Millennium Block, Punjagutta Lane",Hyderabad,Drugs,No 
3004015296,"Yuhan Chemical, Inc.","45 Jiwon-Ro, Danwon District",Ansan,Drugs,No 
3031948687,"Rajvee K. Shah, M.D.","Opd Building, 605 Vs General Hospital; 1st Floor Room No 2; Paldi Road; Madalpur Gam",Ahmedabad,Drugs,No 
3007309095,"PCI Pharma Services Canada, Inc.",1 Rimini Mews,Mississauga,Drugs,No 
3000287309,"Les Produits Chimiques B.G.R., Inc.",600 Delmar Ave,Pointe-Claire,Drugs,No 
3003825766,United Therapeutics Corporation,55 Tw Alexander Dr,Durham,Drugs,Yes
3010960168,Asanuma Corporation - Sagamihara Factory,"1 Chome 14-41, Nishihashimoto; Midori",Sagamihara,Drugs,Yes
3002807437,Lusochimica S.p.A.,"La Vettola, Via Livornese 897",Pisa,Drugs,No 
3011302639,"Zhejiang Dingtai Pharmaceutical Co., Ltd","No. 1392 Huancheng South Road, Tongxiang",Jia Xing,Drugs,No 
3006456888,Unichem Laboratories Limited,197 Sector No 1,Pithampur,Drugs,No 
3032746150,"Ping Jin, MD, PhD","138 Tongzipo Road, Yuelu",Changsha,Drugs,No 
3007410503,Icrom Spa,Via Delle Arti 33,Concorezzo,Drugs,No 
3011615110,"Shandong Luxi Pharmaceutical Co., Ltd.","17 Huanghedong (East) Road, Juancheng",Heze,Drugs,No 
3009336980,Goran Pharma Private Ltd,Bhavnagar Rajkot Road,Sihor,Drugs,No 
3017153258,"Anhui Hanbon Daily Chemical Co., Ltd.","Xinqiao International Industrial Park, No. 55 Chuangye Ave",Huainan,Drugs,Yes
3016492204,"PALMETTO ISOTOPES, LLC",95 Bees Creek Rd,Ridgeland,Drugs,Yes
3033255168,Sylva Brtnikova,28. Rijna 3348/65,Ostrava,Drugs,No 
3033305515,Lei Zhang,"Tuanbo Ave, Institute Of Hematology And Blood Diseases Hospital, Chinese Academy Of Medical Sciences, District",Jinghai County,Drugs,No 
3032745961,eResearch Technology Inc. (dba Clario),"11th Floor, No. 3 Dongye Road",Shanghai,Drugs,No 
1032500,Bausch & Lomb Incorporated,8507 Pelham Rd,Greenville,Drugs,Yes
2244664,Atlantic Health System (IRB),465 South St Ste 105,Morristown,Drugs,No 
3004933570,"Biogenesis, Inc",444 Marshall St,Paterson,Drugs,Yes
3033886329,"Debra S. Gramlich, M.D.",150 Pine Ave N Ste B,Oldsmar,Drugs,No 
3004433842,"ABBE Laboratories, Inc.",1095 Route 110 Ste Ef,Farmingdale,Drugs,Yes
2434807,Advance Pharmaceutical Inc,895 Waverly Ave,Holtsville,Drugs,Yes
3007772056,"Revance Therapeutics, Inc",7555 Gateway Blvd,Newark,Drugs,Yes
3034921857,"Allan Pantuck, M.D.","University Of California Los Angeles, 300 Stein Plaza 3rd Floor Suite 3331",Los Angeles,Drugs,No 
3034528062,Brandon K. Lenox D.O..,"K2 Medical Research, 101 Southhall Ln Ste 150",Maitland,Drugs,No 
3002806990,Finorga SAS,Route de Givors,Chasse Sur Rhone,Drugs,No 
3032968169,Mariela Geneva Popova,Ulitsa Mladost 8,Plovdiv,Drugs,No 
3003474911,Chemical & Biopharmaceutical Laboratories of Patras S.A.,"Industrial Area, Building Block 1",Patras,Drugs,No 
3020871572,"Anhui Poly Pharm. Co., Ltd.","No. 58 Xiahong Road, Hi-Tech Industrial Development Zone",Anqing,Drugs,No 
3032425674,"Konstantinos Kostikas, M.D","University General Hospital Of Ioannina, Stavrou Niarchou Avenue",Neochoropoulo,Drugs,No 
3002923756,"Peptido, chemische und pharmazeutische Rohstoffgesellschaft mit beschrankter Haftung",Am Kraftwerk 6,Bexbach,Drugs,No 
3013754451,Alnylam Pharmaceuticals Inc.,665 Concord Ave,Cambridge,Drugs,Yes
1525864,"Adare Pharmaceuticals, Inc.",845 Center Dr,Vandalia,Drugs,Yes
3033553022,Michael Nassif,4401 Wornall Rd,Kansas City,Drugs,No 
3005782879,Emcure Pharmaceuticals Limited,"Plot D-24 Midc, Kurkumbh Industrial Area, Taluka Daund",Pune,Drugs,No 
3018755991,A2A INTEGRATED LOGISTIC INC,1830 Owen Dr Ste 10,Fayetteville,Drugs,No 
3034923837,"Michael A. Morris, M.D.",331 Oak Manor Dr Ste 201,Glen Burnie,Drugs,No 
3010166020,"Rebel Converting, LLC",11225 W Heather Ave,Milwaukee,Drugs,No 
3009078492,Canadian Analytical Laboratories Inc.,6733 Kitimat Rd,Mississauga,Drugs,No 
3007577023,Summit Biosciences Inc.,1513 Bull Lea Rd,Lexington,Drugs,Yes
1000110937,Nitro Quimica Corporation,2300 W Point Ave,College Park,Drugs,Yes
3008410555,"John Mark Joyce, M.D.","Clinical Neuroscience Solutions, Inc., 5200 Belfort Rd Ste 420",Jacksonville,Drugs,No 
2410990,R.S.A. Corp.,36 Old Sherman Tpke,Danbury,Drugs,No 
1616376,Univar Solutions USA Inc.,10889 Bekay St,Dallas,Drugs,No 
3033885795,Julie M Silverstein M.D,660 S Euclid Ave,Saint Louis,Drugs,No 
3027554269,RECORDATI RARE DISEASES INC.,440 Us Highway 22 Ste 205,Bridgewater,Drugs,No 
3034528605,"Alexander J. White, M.D.","Progressive Medical Research, 5111 S Ridgewood Ave Ste 301",Port Orange,Drugs,No 
3014653467,"Nanogen Co.,Ltd.","92-15 Siu-Ro, Danwon",Ansan,Drugs,No 
3003821988,Somerset Therapeutics Private Limited,"54/1, Boodihal Village Nelamangala Taluk",Bengaluru,Drugs,No 
3033007899,Huilai Tianjin Zhang,"Huanhuxi Road, North Tiyuan, Hexi District, Cancer Hospital",Tianjin,Drugs,No 
3003941038,"Shouguang Fukang Pharmaceutical Co., Ltd.","Dongcheng Industrial Area, North-East Of Dongwaihuan Road; Shouguang",Weifang,Drugs,No 
3033333197,"Chuanben Chen, MD","No. 420 Fu Ma Road, Jinan District",Fuzhou,Drugs,No 
3002698327,Laboratoires Delon,75 Hymus Blvd,Pointe-Claire,Drugs,Yes
3002806336,Ajinomoto Company Inc.,"Kawasaki Plant, 1-1 Suzuki-Cho, Kawasaki-Ku",Kawasaki-City,Drugs,No 
3011758354,"Ludek Pour, M.D.",Jihlavska 340/20,Brno,Drugs,No 
3003759588,SGS Institut Fresenius GmbH,Im Maisel 14,Taunusstein,Drugs,No 
3011346725,"Tai Guk Pharm Co., Ltd.","821 Geumbaek-Ro, Chochon-Myeon",Buyeo,Drugs,Yes
3034968641,Simon D Bowler,Mater Misericordia Medical Centre,Brisbane,Drugs,No 
3032298159,Deyan Anakievski,Dimitar Dimov Blvd.,Burgas,Drugs,No 
3033256536,Paulina Ludziak,Ul. Legnicka 16,Wroclaw,Drugs,No 
3010165392,MEDGEL PRIVATE LIMITED,"Special Economic Zone, Plot No.-19-20, Pharma Zone, Phase-II, Sector-III","Pithampur, Dhar",Drugs,Yes
3010166683,TRUECARE BIOMEDIX,"College Road, 2115 R S No",Balasinor,Drugs,No 
3014412596,"Athena Bioscience, LLC",1272 Virgil Langford Rd Ste 201,Watkinsville,Drugs,No 
3018807295,Cephas Life Sciences Private Limited,"III Floor, Module 313 and 314 Phase I, Ticel Bio Park Limited No 5 CSIR Road","Taramani, Chennai",Drugs,No 
3030548747,"Aniket Thoke, M.D.","In Front Of Jain Mandir, Near Ram Krishna Care Hospital, Dawada Colony, Bhairav Society, Pachpedi Naka, Sanjeevani Comprehensive Blood And Cancer Center (Cbcc) Usa Cancer Hospital",Raipur,Drugs,No 
3015762625,Florida Pharmaceutical Products LLC,6111 Broken Sound Pkwy Nw Ste 160,Boca Raton,Drugs,No 
3013318945,"PRIMA FLEUR Botanicals, Inc.",84 Galli Dr,Novato,Drugs,No 
3029236854,Gussyup LLC (dba Private Label Grooming),"7360 Eastgate Rd, Ste 135",Henderson,Drugs,Yes
3003600340,Syngene International Ltd.,"Biocon Sez, Biocon Park, Plot No. 2, 3, 4 & 5, Bommasandra Industrial Park, Jigani Link Road",Bengaluru,Drugs,No 
3032385892,"Chrysoula Doxani, M.D.","General Clinic Eftychios Patsidis Sa, Theofrastou 75; St.",Larissa,Drugs,No 
3008763840,Sitec Labs Limited,"Ttc Waste Management Facility Plot No : Gen 40, Behind Millennium Business Park; And Pap - A - 417, Near Nelco Bus Stop",Navi Mumbai,Drugs,Yes
3033964132,"Susanne Schneider-Pils, M.D.","Klinikum Der Universitat Munchen Groshadern, Marchionini Str. 15",Munich,Drugs,No 
3002807151,HAS Healthcare Advanced Synthesis S.A.,Via Industria 24,Biasca,Drugs,No 
3011571416,Molclone Labs Private Limited,"2/220 Sirumathur Vill, Kundru Medu St",Padappai,Drugs,No 
3033552902,Miguel A. Mujica Baella M.D.,"Advanced Pharma Research Inc, 10700 Caribbean Blvd Ste 304",Cutler Bay,Drugs,Yes
3032745945,Qun Xia,"No. 24 Fukang Road, Nankai District",Nankai,Drugs,No 
1051888,St. Josephs / Candler Health System IRB,5353 Reynolds St,Savannah,Drugs,No 
2246824,"Spectrum Laboratory Products, Inc.","755, 769 And 777 Jersey Ave",New Brunswick,Drugs,No 
3017524864,JANSAT LABS PRIVATE LIMITED,"342 Plot No 135 B, 1st Floor; Survey No; Road No 2",Hyderabad,Drugs,Yes
3034412644,"Aparna Kalyan, M.D.",676 N Saint Clair St Ste 1200,Chicago,Drugs,Yes
1876582,King Pharmaceuticals LLC,1200 Parkdale Rd,Rochester,Drugs,Yes
2013736,Medical Chemical Corporation,19250 Van Ness Ave,Torrance,Drugs,Yes
3033553976,"Ahmad M. A. M. Masri, MS, MD",3181 Sw Sam Jackson Park Rd,Portland,Drugs,No 
3003747558,Orchid Pharma Ltd.,"Plots 121-128,128a-133,138-151&159-164, Sidco Industrial Estate",Kanchipuram,Drugs,No 
3009954717,Zhuhai Rundu Pharmaceutical Co Ltd,"No 6 North Airport Road, Jinwan",Zhuhai,Drugs,No 
3008763768,Piramal Pharma Limited,"Midc, C - 43 Ttc Industrial Area; Thane Belapur Road",Navi Mumbai,Drugs,No 
1450054,Mericon Industries Inc.,8819 N Pioneer Rd,Peoria,Drugs,No 
1526213,"Charles River Laboratories Ashland, LLC",1407 George Rd,Ashland,Drugs,No 
2013633,"Deepwater Chemicals, Inc",196122 E County Road 40,Woodward,Drugs,No 
3033987041,"Marvin Peyton, M.D.","Rivus Wellness And Research Institute, 2301 W I 44 Service Rd Ste 300",Oklahoma City,Drugs,No 
3033885584,"Rachel N. Grisham, M.D.","Memorial Sloan Kettering Cancer Center (633 Third Ave), 633 Third Avenue",New York,Drugs,No 
3033986564,"Richard Aplenc, M.D. PhD",3501 Civic Center Blvd,Philadelphia,Drugs,No 
3002806372,Wacker Leon SL.,Avenida Antibioticos 59-61,Leon,Drugs,No 
3033007904,Huiqiang Sun Huang,"Yet-Sen University Cancer Hospital, 651 Dong Feng Road East",Guangzhou,Drugs,No 
3006026405,Zydus Lifesciences Limited,"Sarkhej-Bavla National Highway No. 8a, Changodar, Tal - Sanand, Dist.",Ahmedabad,Drugs,No 
3008226137,Laboratoires Druide inc.,154 Oneida Ave,Pointe-Claire,Drugs,Yes
3001157285,Takeda Austria GmbH,Sankt-Peter-Strase 25,Linz,Drugs,No 
3032055537,"Kalyani Khandare, MBBS","And 245, Survey No 234; Solapur Road; 235 Plot No 8",Pune,Drugs,No 
3002277609,"Sinsin Pharmaceutical Co., Ltd.","9 Sojeongsandandong-Ro, Sojeong-Myeon",Sejong,Drugs,Yes
3002707994,JNTL Consumer Health (France) SAS,Domaine De Maigremont,Val De Reuil,Drugs,No 
3002808158,Siegfried AG,Untere Bruhlstrasse 4,Zofingen,Drugs,No 
3002808295,Corden Pharma Chenove,47 Rue De Longvic,Chenove,Drugs,No 
3002808398,"Teikoku Seiyaku Co., Ltd.","Teikokuseiyaku (Kabu), 567; Sanbonmatsu",Higashikagawa,Drugs,No 
3005877120,"YS Life Science Co., Ltd.","207, Sujeong-ro, Jangan-myeon, Manse-gu",Hwaseong,Drugs,No 
3032968182,Izabella Gladysz,Ul. Sw. Wincentego 93/7,Warsaw,Drugs,No 
3006381009,Softgel Healthcare Private Limited,"Survey No. 20/1, Vandalur-Kelambakkam Rd","Pudupakkam, Kancheepuram",Drugs,Yes
3006809732,Zydus Lifesciences Limited,"Midc Plot 15, Additional Ambernath",Kalyan,Drugs,No 
3031599462,"Shivanand B. Hiremath, M.D.","P.B Road, Vidyanagar, Sushruta Multispeciality Hospital & Research Centre Pvt., Ltd.",Hubballi,Drugs,No 
3033007869,Gareth Gregory,"Monash Medical Centre, 246 Clayton Road",Clayton,Drugs,No 
3034528616,Stephanie B. Rutrick M.D.,"Adams Clinical, 521 Mount Auburn St Ste 107",Watertown,Drugs,No 
3009316555,"Medpace, Inc.",5400 Medpace Way,Cincinnati,Drugs,No 
3003449422,McKenna Labs Inc,1601 E Orangethorpe Ave,Fullerton,Drugs,Yes
3009103626,Lee Pharma Ltd.,"10/G1 Gaddapotharam Village, Survey; Jinnaram Mandal",Hyderabad,Drugs,No 
3003293533,Nordmark Pharma GmbH,Pinnauallee 4,Uetersen,Drugs,No 
3004086396,Zentiva Private Limited,To 3015 6301 - 6313 16 Plots 3501,Ankleshwar,Drugs,No 
3006613129,Aidance Scientific Inc,184 Burnside Ave,Woonsocket,Drugs,Yes
3014630458,AVASOL LLC,130 N Calle Cesar Chavez Ste 1,Santa Barbara,Drugs,Yes
3031948042,"Bangaru H., M.D.","Mysore Medical College, Irwin Road",Mysore,Drugs,No 
3008232264,Inventia Healthcare Limited,"F1-F1/1-F75/1, Additional Ambernath MIDC, Ambernath (East)",Thane,Drugs,No 
3014256731,"Michael J. Downing, M.D.",12404 Park Central Dr,Dallas,Drugs,No 
3013584633,United Therapeutic Corporation,12140 Indian Creek Ct,Beltsville,Drugs,Yes
3033964121,"Claire M. Miller, M.D.","New York Langone School Of Medicine, 222 E 41st St Fl 15",New York,Drugs,No 
3015144909,"STAQ Pharma, Inc.",14135 E 42nd Ave Ste 50,Denver,Drugs,No 
2242239,James Alexander Corp.,845 State Route 94,Blairstown,Drugs,No 
3004293182,BENECHIM SPRL,Rue Rene Magritte 163,Lessines,Drugs,No 
1021343,"Hospira, Inc.",Highway 301 North,Rocky Mount,Drugs,No 
3033007964,AJENAT PHARMACEUTICALS LLC,6911 Bryan Dairy Rd Ste 210,Largo,Drugs,No 
1053087,Medical Scientific Technologies LLC,155 Medical Sciences Dr,Union,Drugs,Yes
2244771,Novo Nordisk Inc.,800 Scudders Mill Rd,Plainsboro,Drugs,Yes
2244771,Novo Nordisk Inc.,800 Scudders Mill Rd,Plainsboro,Drugs,Yes
1410004,"Hobart Laboratories, Inc.",7736 Grant Creek Rd Nw,Bemidji,Drugs,No 
3006458382,Korex Chicago LLC,6200 W 51st St Bldg E,Chicago,Drugs,Yes
1610635,Morton Salt Inc,801 State Highway 110,Grand Saline,Drugs,No 
3033334710,"Chrisette M. Dharmagunaratne, M.D.","South Family Medicine, 8877 Harry Hines Blvd",Dallas,Drugs,Yes
3021904887,OREAN BEAUTY,1931 Northwind Pkwy,Hobart,Drugs,No 
2110898,3M Company,"2510 Conway Ave E, 3m Center, Building 275-5w-06",Saint Paul,Drugs,No 
3017812513,"Rowena C. Punzalan, M.D.",8733 Watertown Plank Rd,Milwaukee,Drugs,Yes
3004380893,Positive Promotions,15 Gilpin Ave,Hauppauge,Drugs,Yes
1000122198,Advanced Therapies LLC,400 Rouse Blvd,Philadelphia,Drugs,No 
3033983092,"Andrew J. Cowan, M.D.",825 Eastlake Ave E,Seattle,Drugs,No 
3004495158,Micro Labs Limited,"Plot No 16 & 24, Veerasandra Industrial Area Electronic City Phase 2",Bengaluru,Drugs,Yes
3031948035,"Patel Neelakumari Madhubhai, M.D.","Sheth Lallubhai Gordhandas Hospital, Sheth Lallubhai Gordhandas Municipal General Hospital; Lg Hospital Road, Near Rambaug",Ahmedabad,Drugs,No 
3015218020,AET Laboratories Private Limited,"Survey No.42; Kazipally Industrial Area, Gaddapotharam Village",Sangareddy,Drugs,Yes
1000657351,Church & Dwight Canada Corp.,5485 Ferrier St,Mont-Royal,Drugs,Yes
3000241849,Pillar5 Pharma Inc.,"365 Madawaska Blvd,",Arnprior,Drugs,Yes
3003560263,Hikal Limited,72 - 82 / A Kiadb Industrial Area,Jigani,Drugs,No 
3002807778,"GE Healthcare AS, Lindesnes Site",Lindesnesveien 208,Lindesnes,Drugs,No 
3013791804,VKT Pharma Private Limited,"Survey No. 21 to 27, Derasam Village",Srikakulam,Drugs,Yes
3003031992,"Raining Rose, Inc.",100 30th Street Dr Se,Cedar Rapids,Drugs,No 
3010079586,Abhilasha Pharma Private Ltd,"1409 Plot No 1408, Gidc Naka",Anklesvar,Drugs,No 
3010097551,"Taekyung SBC Co., Ltd.",258 Sandandongseo-Ro,Gunsan,Drugs,No 
3004483648,Resonance Laboratories Private Limited,"8c Kiadb Industrial Area, & 9a",Doddaballapur,Drugs,No 
3005651681,K Patel Phyto Extractions Private Ltd,"Behind Old Sales Tax Check Post, National Highway 48",Bhilad,Drugs,No 
3008248967,Pharmazell (India) Private Ltd,"Plot No.: 115 Visakha Pharmacity Limited, Sez, Parawada Anakapali",Visakhapatnam,Drugs,No 
3008154209,"Virupaksha Organics Limited, Unit-I","Survey No. 10, Gaddapotharam Village, Jinnaram Mandal",Sangareddy Dist.,Drugs,No 
3032151409,"Naveen Kumar B.R., MBBS","Ecron Acunova Limited, No. 52-2, Near Kasturba Hospital OPD Block,",Manipal,Drugs,No 
2121746,"Northern Labs, Inc.",5800 West Dr,Manitowoc,Drugs,Yes
3001342291,"Veltek Associates, Inc.",15 Lee Blvd,Malvern,Drugs,Yes
3033307138,"Howard Liebman, M.D.",1441 Eastlake Ave,Los Angeles,Drugs,No 
3033788533,"Lorenzo Antonuzzo, M.D.","Azienda Ospedaliero Universitaria Careggi Largo, Largo Giovanni Alessandro Brambilla 3",Florence,Drugs,No 
3004670902,Glacial Grain Spirits LLC,270 20th St Nw,Benson,Drugs,No 
3008694072,"Winder Laboratories, LLC",716 Patrick Industrial Ln,Winder,Drugs,No 
3011454257,"Verastem, Inc.",117 Kendrick St Ste 500,Needham,Drugs,Yes
3015348439,Pious Laboratories Private Limited,57 Confectionery Park,Rangwasa,Drugs,Yes
3029755577,Charvi Pharma Services llc,1220 Rankin Dr,Troy,Drugs,No 
3020740318,Amgen Inc.,4150 Ganton Parkway,New Albany,Drugs,No 
3010314796,"Xtreme Tools International, Inc",15400 Nw 34th Ave,Opa Locka,Drugs,Yes
3014200891,B. Braun US Pharmaceutical Manufacturing LLC,1845 Mason Ave,Daytona Beach,Drugs,Yes
3020954125,Marquis Energy - Illinois LLC,10000 Marquis Dr,Hennepin,Drugs,No 
3003838850,Certified Laboratories LLC,3218 Commander Dr Ste 100,Carrollton,Drugs,Yes
3033713221,"Alan Reichman, M.D.","Clinical Trial Network, 7080 Southwest Fwy",Houston,Drugs,No 
3009221661,Washington University Radioactive Drug Research Committee #0122,"Div Of Nuclear Medicine, 660 S Euclid Ave",Saint Louis,Drugs,No 
2020223,"DLC Laboratories, Inc",7008 Marcelle St,Paramount,Drugs,Yes
3011884887,MAIA Pharmaceuticals Inc,707 State Rd Ste 104,Princeton,Drugs,No 
3033964865,"Caroline A. Campion, M.D.","Delricht Research Llc, 3525 Prytania St Ste 308",New Orleans,Drugs,No 
1000522077,"Packaging Coordinators, LLC",3001 Red Lion Rd,Philadelphia,Drugs,Yes
3033711370,"Courtney A. Schreiber, M.D.","University Of Pennsylvania Penn Medicine, 3737 Market St Fl 12",Philadelphia,Drugs,No 
3001239031,"Hahnemann Laboratories, Inc.,  dba Alpine Pharmaceuticals",1940 4th St,San Rafael,Drugs,No 
3033982584,"Eva Medvedova, MD",3485 S Bond Ave,Portland,Drugs,No 
1000071265,"Diversified Chemical Products, Inc.",60 Germay Dr,Wilmington,Drugs,No 
3031948371,Jilhare Devendra Annaji,"Pandey Layout, 19 Orange City Hospital & Research Institute; Khamla Road; Veer Sawarkar Square",Nagpur,Drugs,No 
3007481629,Agon Pharma Private Ltd,"New Gat No. 837 & Old Gat No. 142, Milkat No. 1252",Pune,Drugs,No 
3004006229,Alivus Life Sciences Limited,"Plot No 3109 - C, GIDC Industrial Estate, District Bharuch",Ankleshwar,Drugs,No 
3002891260,Baxter Corporation,89 Centre St S,Alliston,Drugs,Yes
3032329504,"Ida Vanessa Doederlein Schwartz, MD","Ramiro Barcelos, 2350",Porto Alegre,Drugs,Yes
3006272184,Vistin Pharma AS avd Kragero Fikkjebakke,Stuttlidalen 4,Sannidal,Drugs,No 
3031879412,"Mayank Agarwal, M.D.","Sa 17/3 P - 4 Sri Krishna Nagar, Ghazipur Road",Varanasi,Drugs,No 
3014255847,Laurus Labs Limited,"25a Plot No 25, To 25k; Apsez Denotified Area",Lalam Koduru,Drugs,No 
3022837118,"Hetero Labs Limited, Vemagal","Plot No. 28p1 To 36p1 And 37 To 54, Vemagal Industrial Area","Hobli Vemagal, Kolar District",Drugs,No 
3009164815,"BioRamo, LLC",5319 Nw 35th Ter,Ft Lauderdale,Drugs,Yes
1417519,Amsino Healthcare (USA) Inc,330 Corporate Woods Pkwy,Vernon Hills,Drugs,No 
1451932,"Alto ICP, LLC",1301 S Front St,Pekin,Drugs,No 
3004395604,Aquestive Therapeutics,6465 Ameriplex Dr,Portage,Drugs,No 
3002742782,Mitchell D. Creinin M.D.,"University Of California Davis Health System Department Of Obstetrics And Gynecology, 4860 Y St Ste 2500",Sacramento,Drugs,No 
3010866875,Cip4 Srl,Via Mario Idiomi 6,Assago,Drugs,No 
3033885661,"Alessandro D. Santin, M.D.",333 Cedar St Ofc Lsog-305,New Haven,Drugs,No 
3015345916,ALS Testing Services India Private Ltd.,"No.65, Bommasandra Jigani Link Road, KIADB Industrial Area",Bangalore,Drugs,Yes
1000523075,"Gilead Sciences, Inc.",303 Velocity Way,Foster City,Drugs,No 
3020879673,CHEMOTEST LABORATORY,C-258 Midc Pawane Ttc Industrial Area Turbhe,Navi Mumbai,Drugs,Yes
3032762840,"Guy Touati, M.D.","Toulouse Hospital Des Enfants Pediatric Clinical Research Unit, 330 Avenue De Grande, Bureau 16 Batiment Modulaire",Toulouse,Drugs,No 
3008219043,ALMAC SCIENCES (IRELAND) LIMITED,Ida Technology & Business Park,Athlone,Drugs,No 
1017687,PAI Holdings LLC,1700 Perimeter Rd,Greenville,Drugs,No 
3002807086,Bora Pharmaceutical Services Inc.,7333 Mississauga Rd,Mississauga,Drugs,Yes
3018751062,IQVIA Biotech,2400 Ellis Rd Level 4,Durham,Drugs,No 
3007280883,Prasco LLC,6125 Commerce Ct,Mason,Drugs,No 
3032745939,"Nadia H. Siddiqui, M.D.",9848 S Roberts Rd,Palos Hills,Drugs,No 
2083373,"Oasis Medical, Inc.",510 S Vermont Ave # 528,Glendora,Drugs,Yes
3004816991,Universal Synergetics Inc.,5 E Stow Rd,Marlton,Drugs,No 
1033845,"Janssen Pharmaceuticals, Inc.",1440 Olympic Dr,Athens,Drugs,No 
3004974276,"Melamed, Isaac R. , M.D.",6801 S Yosemite St,Centennial,Drugs,Yes
3033335453,"Aung M. Tun, M.D.",2330 Shawnee Mission Pkwy Ste 210,Westwood,Drugs,Yes
3017140477,"LGM Pharma Solutions, LLC",17802 Gillette Ave,Irvine,Drugs,No 
3004380247,American Spraytech LLC,205 Meister Ave,Branchburg,Drugs,No 
2245909,Davion Inc,"2975 Riverside Ave, Bldg 10",Newark,Drugs,Yes
3027507354,Turbare Manufacturing,925 Jeanette Dr,Conway,Drugs,Yes
3033710299,"Elaine Shum, M.D.","Laura And Isaac Perlmutter Cancer Center, 160 E 34th St",New York,Drugs,No 
3015928879,"Antonio E. Blanco, M.D.",11430 N Kendall Dr Ste 203,Miami,Drugs,No 
3008300442,Anthem Biosciences Limited,"No 49 F1 & F2 Phase I, Canara Bank Road",Bengaluru,Drugs,No 
3007426459,"Yabao Pharmaceutical Group Co., Ltd","Fenglingdu Economic, No. 1 Industrial Avenue; Ruichengxian",Yuncheng,Drugs,No 
3032213149,"Swapnil S. Walunj, MBBS","E Plot No R - 1, And 11; 2 Watson Pharma Pvt. Ltd",Navi Mumbai,Drugs,No 
3032213141,"Abhijeet Patil, MBBS","Plot No R - 1, 2 Shri Hari Co-Operative Housing Society; 10th Floor; Seawoods Grand Central",Navi Mumbai,Drugs,No 
3009565091,Gopaldas Visram & Company Ltd.,"A/327, TTC Industrial Area, MIDC Mahape",Navi Mumbai,Drugs,Yes
3000212124,BASF AS avd Sandefjord,Framnesveien 41,Sandefjord,Drugs,No 
3003999190,"Zhejiang Huahai Pharmaceutical Co., Ltd.",Xunqiao Town,Linhai,Drugs,No 
3022306074,HK INNO.N CORPORATION,"Heungbeok, 239 Osongsaengmyeong2-Ro; Heungdeok",Cheongju,Drugs,No 
3010551507,"Microbac Laboratories, Inc",105 Carpenter Dr,Sterling,Drugs,Yes
3009754809,KinOmega Biopharm Inc.,No. 161 South Yinghuashan Road,Deyang,Drugs,No 
3006192929,Shiva Analyticals (India) Pvt. Ltd.,Plot 24d [P] & 34d Kiadb Industrial Area,Hoskote Bangaluru,Drugs,Yes
3008954294,"Ningbo Liyuan Daily Chemical Products Co., Ltd.","Waixiang Technology Zone, Xiwu","Fenghua, Ningbo",Drugs,No 
3032997762,Nathalie Daaboul,"Hopital, Moyne; 3120 Taschereau Blvdcharles Le",Greenfield Park,Drugs,No 
3015826782,Carolina Infusion,95 Bees Creek Rd,Ridgeland,Drugs,Yes
3032997775,"Sernaz Topaloglu, M.D.","Trakya University, Balkan Oncology Hospital, Medical Oncology, Clinical Research Unit, 1st Floor",Edirne,Drugs,No 
3015216825,Encube Ethicals Inc,200 Meredith Dr Ste 202,Durham,Drugs,No 
3032763484,"Anais Brassier, MD","Necker-Enfants Malades Hospital Mamea, Batiment Robert Debre; 149 Rue De Sevres",Paris,Drugs,No 
3004007943,"A.P. Deauville, LLC",3700 Glover Rd,Easton,Drugs,Yes
3015200795,Scapa Tapes North America LLC,2565 Bertelkamp Ln,Knoxville,Drugs,Yes
3002807004,PolyPeptide Laboratories (Sweden) AB,Hogerudsgatan 21,Limhamn,Drugs,No 
3006427262,Societa' Italiana Progetti Ricerche E Sviluppo SRL,Via Del Santo 219,Limena,Drugs,Yes
3006749082,Eurofins Biopharma Product Testing Switzerland AG,Parkstrasse 10,Schonenwerd,Drugs,No 
3033049954,"Naveen Sankhyan, MD","Sector 12, Advanced Pediatric Centre, Postgraduate Institute Of Medical Education And Research",Chandigarh,Drugs,No 
1112271,Merck Sharp & Dohme LLC,2778 South East Side Hwy,Elkton,Drugs,No 
3012525449,REGI US INC,8 Fairfield Cres,West Caldwell,Drugs,Yes
3017125065,Artesanales P.R. LLC,D St Local 3 Minillas Industrial Park,Bayamon,Drugs,Yes
3002807812,Element Materials Technology Canada Inc.,2599 Speakman Dr Suite 200 & 210,Mississauga,Drugs,No 
3017524771,"Beijing Zhongke PUYAN Science and Technology Co.,Ltd.","Room 101, Building 1, No. 9 Development Road, Huilongguan Town, Changping District",Beijing,Drugs,No 
3016244086,"Laurus Generics, Inc.",400 Connell Dr Ste 5200,Berkeley Heights,Drugs,Yes
3012853845,"NATURE'S FUSIONS, LLC",57 N 1380 W,Orem,Drugs,Yes
3006316363,"Resilience US, Inc.",8814 Trade Port Dr,West Chester,Drugs,Yes
3033334716,"Shakil Ahmed, M.D.","Intracare Clinical, Llc, 6029 Belt Line Rd Ste 105",Dallas,Drugs,No 
3011012288,"SI Group, Inc.",725 Cannon Bridge Rd,Orangeburg,Drugs,No 
3014759234,"Sani-Care Salon Products, Inc",51 Curtis Ct Sw Ste B,Cartersville,Drugs,Yes
3003282293,Rentschler Biopharma Inc.,27 Maple St,Milford,Drugs,No 
1510690,Hikma Pharmaceuticals USA INC,1809 Wilson Rd,Columbus,Drugs,No 
1925262,"Hospira, Inc.",1776 Centennial Dr,Mcpherson,Drugs,Yes
1915582,Celerion Inc,621 Rose St,Lincoln,Drugs,No 
3003059934,"Advanced Cosmetic Research Laboratories, Inc.",20550 Prairie St,Chatsworth,Drugs,Yes
3003350069,"Private Label Partners, Inc.",551 N Fairview St,Santa Ana,Drugs,Yes
2243842,Endo USA Inc.,8 Clarke Dr Ste 6,Cranbury,Drugs,Yes
3033710291,"Jessica M. Atrio, M.D.","Montefiore Hospital And Albert Einstein College Of Medicine, 1695 Eastchester Rd Fl 5",Bronx,Drugs,No 
3006473233,Janssen Biotech Inc.,850 Ridgeview Dr,Horsham,Drugs,No 
3005520112,"Eric Sicard, M.D.","Altasciences Company Inc., 1200 Beaumont Ave",Mont-Royal,Drugs,No 
3032578481,"Piotr Rozpondek, MD, PhD","Krakowskie Centrum Medyczne, 32 Kopernika Str",Cracow,Drugs,No 
3005139325,"JQC (Huayin) Pharmaceutical Co., Ltd.","Yuquan Road, Huayin",Weinan,Drugs,No 
3005804912,Eurofins CDMO Alphora Inc.,2240 Speakman Dr,Mississauga,Drugs,No 
3000300581,Parfums Christian Dior,185 Avenue De Verdun,Saint-Jean-De-Braye,Drugs,Yes
3018068275,D3W Industries Inc,22865 Heslip Dr,Novi,Drugs,Yes
3018369072,Samanta Organics Pvt. Ltd.,"T-119, Midc, Tarapur, Boisar",Thane,Drugs,No 
3020053033,"Planet (Anhui) Pharmaceuticals Co., Ltd","No. 2066 West Jianshe Road, High-Tech Zone",Chuzhou,Drugs,No 
3014747080,"Chongqing Angelisun Pharmaceutical Co., Ltd.","No. 5 Huanan Road, Yanjia, Changshou",Chongqing,Drugs,No 
3005508367,Laboratorios Liconsa SAU,Avenida De Miralcampo 7,Azuqueca De Henares,Drugs,No 
3032847810,"Mariusz Grudniak, M.D.",Ul. Klaudyny 16c,Warsaw,Drugs,No 
3031700051,"Camilla Tondel, M.D.","Haukeland Universitetssjukehus, Kliniskforskningspost, Haukelandsbakken 1",Bergen,Drugs,No 
3031948506,"Sonal M. Shendkar, M.D.","Plot No 4/14/B Sector 34, Renuka Corner Tapkir Chowk",Thergaon,Drugs,No 
3032402920,Juan Silvestre,"Francisco Hospital General Universitario Dr. Balmis, Avinguda Del Pintor Baeza 12",Alacant,Drugs,No 
3015125272,"Idalia A. Acosta, M.D.","San Marcus Research Clinic, Inc, 16420 Nw 59th Ave",Miami Lakes,Drugs,Yes
3016555297,HORIZON TOOL INC,7918 Industrial Village Rd,Greensboro,Drugs,Yes
3003983334,"Medline Industries, LP",1710 S Lakeside Dr,Waukegan,Drugs,Yes
1000122523,MSI Express Inc,301 Enterprise Dr,Newcomerstown,Drugs,Yes
1826408,Trinity Health Michigan Regional #3,200 Jefferson Ave Se,Grand Rapids,Drugs,No 
3033710294,"Aaron Lisberg, M.D.",10945 Le Conte Ave,Los Angeles,Drugs,No 
2182861,"Antares Pharma, Inc.",12500 Whitewater Dr,Minnetonka,Drugs,No 
3012349085,"Peter I. Karachunski, M.D.","University Of Minnesota, Fairview, 420 Delaware St Se Ste Mmc88",Minneapolis,Drugs,Yes
3004965821,Tekweld Solutions Inc.,45 Rabro Dr Unit 1,Hauppauge,Drugs,Yes
1000103389,Clario Inc.,1818 Market St Ste 2600,Philadelphia,Drugs,No 
3017769695,"Brian K. MacGillivray, M.D.",19054 Stone Oak Pkwy Ste 102,San Antonio,Drugs,No 
3017965197,VITRUVIAS THERAPEUTICS INC,778 N Dean Rd Ste 600,Auburn,Drugs,No 
3014581785,"Evi International Group, LLC",9110 Nw 106th St,Medley,Drugs,Yes
3013565862,"Key Therapeutics, LLC",232 Market St Bldg K Ste 252,Flowood,Drugs,No 
3006332740,"PPD, Inc., part of Thermo Fisher Scientific",3900 Paramount Pkwy,Morrisville,Drugs,No 
1221967,PLZ Corp,300 Riggenbach Rd,Fall River,Drugs,Yes
1819470,Eli Lilly & Company,839 S Delaware,Indianapolis,Drugs,No 
1000448124,"Daewoo Pharmaceutical Co., Ltd.",153 Dadae-Ro,Saha,Drugs,No 
3017221809,Jubilant Cadista Pharmaceuticals,790 Township Line Rd Ste 325,Yardley,Drugs,Yes
3032151414,"S. Sathish Kumar, MBBS","23, School Road, Rathnamangalam, Vandalur, Azidus Laboratories, Ltd.",Chennai,Drugs,No 
3032801390,"Andrew M. Smith, M.D.",7390 S Creek Rd Ste 201,Sandy,Drugs,No 
3003802432,"Qilu Pharmaceutical Co., Ltd. (High Tech Zone Site)","317 Xinluo Road, High Tech Zone",Jinan,Drugs,No 
3032904965,"David Berz, M.D., Ph.D",2080 Century Park E Ste 803,Los Angeles,Drugs,Yes
3027267279,Respect Manufacturing Corporation,4721 Ironton St Unit A,Denver,Drugs,Yes
3016446323,"Thomas A. Hope, M.D.",185 Berry St Ste 350,San Francisco,Drugs,No 
3016602578,"Prodrome Sciences USA, LLC",27518 Via Industria,Temecula,Drugs,Yes
3032499055,"Ramin H. Farsad, M.D.",477 N El Camino Real Ste A100,Encinitas,Drugs,No 
3032908422,"Jose D. Gutierrez, MD, MPH","Columbia University Irving Medical Center, 722 W 168th St",New York,Drugs,Yes
3006788966,Asante Health System IRB dba Southern Oregon IRB,"Rogue Regional Medical Center, 2825 E Barnett Rd",Medford,Drugs,Yes
3013538760,"Amish Origins Management, LLC",1214 S Flat Rd,Worland,Drugs,Yes
3031880082,"Shreehas Bardapurkar, MBBS","Ishwar Heights, 1st Floor, Plot No. 7, Gut No. 6/1, Beside Punjabi Bhavan, Padegaon, Ishwar Institute Of Health Care",Aurangabad,Drugs,No 
3032498509,Abimbola O. Babajide,1 Faraday Way Kaman Court,Blackpool,Drugs,No 
3003492806,Opella Healthcare International SAS,56 Route De Choisy,Compiegne,Drugs,No 
3019043116,"Jianming Xu, M.D.","No. 5 Medical Center Of Chinese Pla General Hospital, No. 8 Dongda Street; Fengtai District",Beijing,Drugs,No 
3011445650,BioConnection B.V.,Kloosterstraat 9 Ry,Oss,Drugs,No 
3032402390,Aleksandra Lesiak,"Dermoklinika Centrum Medyczne, Aleja Tadeusza Kosciuszki 93",Lodz,Drugs,No 
3005363495,Quinta Analytica s.r.o.,Prazska 18c,Prague 10,Drugs,No 
3032499663,"Ondrej Mika, M.D.",Matice Skolske 1786/17,Ceske Budejovice,Drugs,No 
3032482055,"Lazar Garev, MD",Ulitsa Sveti Sveti Kiril I Metodiy 18 Sv,Pleven,Drugs,No 
3006567941,Image Supply Inc,5081 Dawn Dr,Lumberton,Drugs,Yes
3005025238,"Daniel F. Soteres, M.D.",2709 N Tejon St,Colorado Springs,Drugs,No 
2016096,"Apotheca, Inc.",1622 N 16th St,Phoenix,Drugs,No 
3014030941,SOLA Pharmaceuticals LLC,655 Highlandia Dr,Baton Rouge,Drugs,No 
3014384422,"Vitae Enim Vitae Scientific, Inc.",3030 Bunker Hill St Ste 203,San Diego,Drugs,Yes
3023651668,"Certified Laboratories, LLC",3125 N Damon Way,Burbank,Drugs,Yes
